jabko_url,jabko_name,jabko_price_uah,mygadget_url,mygadget_name,mygadget_price_uah
https://jabko.ua/iphone/b-u-iphone/b-u-iphone-11/bu-iphone-11-64gb-black-horoshyi-stan-nova-batareya,"б/у iPhone 11 64GB (Black) (Хороший стан, нова батарея)",7884,https://mygadget.ua/b-us/b-u-iphone/b-u-iphone-11/b-u-iphone-11-64gb-black-sostoyanie-10-10,Б/У iPhone 11 64Gb Black,7656
https://jabko.ua/iphone/b-u-iphone/b-u-iphone-11/bu-iphone-11-64gb-black-idealnyi-stan-nova-batareya,б/у iPhone 11 64GB (Black) (Як Новий),8560,https://mygadget.ua/kak-novyy/iphone/iphone-11-kak-novyy/b-u-iphone-11-64gb-black-kak-novyy,Apple iPhone 11 64Gb Black (як новий),8562
https://jabko.ua/iphone/b-u-iphone/b-u-iphone-11/bu-iphone-11-128gb-black-horoshyi-stan-nova-batareya,"б/у iPhone 11 128GB (Black) (Хороший стан, нова батарея)",9246,https://mygadget.ua/b-us/b-u-iphone-11-128gb-black-sostoyanie-10-10,Б/У iPhone 11 128Gb Black,9015
https://jabko.ua/iphone/b-u-iphone/b-u-iphone-11/bu-iphone-11-128gb-black-idealnyi-stan-nova-batareya,б/у iPhone 11 128GB (Black) (Як Новий),9911,https://mygadget.ua/kak-novyy/iphone/iphone-11-kak-novyy/b-u-iphone-11-128gb-black-kak-novyy,Apple iPhone 11 128Gb Black (як новий),9921
https://jabko.ua/product/bu-iphone-11-256gb-black-horoshyi-stan-standartna-batareya,"б/у iPhone 11 256GB (Black) (Хороший стан, стандартна батарея)",9010,https://mygadget.ua/b-us/b-u-iphone/b-u-iphone-11/used-iphone-11-256gb-black,Б/У iPhone 11 256Gb Black,9015
https://jabko.ua/product/bu-iphone-11-256gb-black-idealnyi-stan-nova-batareya,б/у iPhone 11 256GB (Black) (Як Новий),10362,https://mygadget.ua/kak-novyy/iphone/iphone-11-kak-novyy/b-u-iphone-11-256gb-black-kak-novyy,Apple iPhone 11 256Gb Black (як новий),10374
https://jabko.ua/iphone/b-u-iphone/b-u-iphone-11-pro/bu-iphone-11-pro-64gb-space-gray-horoshyi-stan-nova-batareya,"б/у iPhone 11 Pro 64GB (Space Gray) (Хороший стан, нова батарея)",9010,https://mygadget.ua/b-us/b-u-iphone/b-u-iphone-11-pro/b-u-iphone-11-pro-64gb-space-gray-sostoyanie-10-10,Б/У iPhone 11 Pro 64Gb Space Gray,9015
https://jabko.ua/iphone/b-u-iphone/b-u-iphone-11-pro/bu-iphone-11-pro-64gb-space-gray-idealnyi-stan-nova-batareya,б/у iPhone 11 Pro 64GB (Space Gray) (Як Новий),9686,https://mygadget.ua/kak-novyy/iphone/iphone-11-pro-kak-novyy/b-u-iphone-11-pro-64gb-space-gray-kak-novyy,Apple iPhone 11 Pro 64Gb Space Gray (як новий),9921
https://jabko.ua/iphone/b-u-iphone/b-u-iphone-11-pro/bu-iphone-11-pro-256gb-space-gray-horoshyi-stan-nova-batareya,"б/у iPhone 11 Pro 256GB (Space Gray) (Хороший стан, нова батарея)",10812,https://mygadget.ua/b-us/b-u-iphone/b-u-iphone-11-pro/b-u-iphone-11-pro-256gb-space-gray-sostoyanie-10-10,Б/У iPhone 11 Pro 256Gb Space Gray,10827
https://jabko.ua/iphone/b-u-iphone/b-u-iphone-11-pro/bu-iphone-11-pro-256gb-space-gray-idealnyi-stan-nova-batareya,б/у iPhone 11 Pro 256GB (Space Gray) (Як Новий),11488,https://mygadget.ua/kak-novyy/iphone/iphone-11-pro-kak-novyy/b-u-iphone-11-pro-256gb-space-gray-kak-novyy,Apple iPhone 11 Pro 256Gb Space Gray (як новий),11733
https://jabko.ua/iphone/b-u-iphone/b-u-iphone-11-pro/bu-iphone-11-pro-512gb-space-gray-horoshyi-stan-nova-batareya,"б/у iPhone 11 Pro 512GB (Space Gray) (Хороший стан, нова батарея)",11713,https://mygadget.ua/b-us/b-u-iphone/b-u-iphone-11-pro/b-u-iphone-11-pro-512gb-space-gray-sostoyanie-10-10,Б/У iPhone 11 Pro 512Gb Space Gray,11733
https://jabko.ua/iphone/b-u-iphone/b-u-iphone-11-pro/bu-iphone-11-pro-512gb-space-gray-idealnyi-stan-nova-batareya,б/у iPhone 11 Pro 512GB (Space Gray) (Як Новий),12389,https://mygadget.ua/kak-novyy/iphone/iphone-11-pro-kak-novyy/b-u-iphone-11-pro-512gb-space-gray-kak-novyy,Apple iPhone 11 Pro 512Gb Space Gray (як новий),12639
https://jabko.ua/iphone/b-u-iphone/b-u-iphone-11-pro-max/bu-iphone-11-pro-max-64gb-space-gray-horoshyi-stan-nova-batareya,"б/у iPhone 11 Pro Max 64GB (Space Gray) (Хороший стан, нова батарея)",9686,https://mygadget.ua/b-us/b-u-iphone/b-u-iphone-11-pro-max/b-u-iphone-11-pro-max-64gb-space-gray-sostoyanie-10-10,Б/У iPhone 11 Pro Max 64Gb Space Gray,9468
https://jabko.ua/iphone/b-u-iphone/b-u-iphone-11-pro-max/bu-iphone-11-pro-max-64gb-space-gray-idealnyi-stan-nova-batareya,б/у iPhone 11 Pro Max 64GB (Space Gray) (Як Новий),10362,https://mygadget.ua/kak-novyy/iphone/iphone-11-pro-max-kak-novyy/apple-iphone-11-pro-max-64gb-space-gray-kak-novyy,Apple iPhone 11 Pro Max 64Gb Space Gray (як новий),10374
https://jabko.ua/iphone/b-u-iphone/b-u-iphone-11-pro-max/bu-iphone-11-pro-max-256gb-space-gray-horoshyi-stan-nova-batareya,"б/у iPhone 11 Pro Max 256GB (Space Gray) (Хороший стан, нова батарея)",11938,https://mygadget.ua/b-us/b-u-iphone/b-u-iphone-11-pro-max/b-u-iphone-11-pro-max-256gb-space-gray-sostoyanie-10-10,Б/У iPhone 11 Pro Max 256Gb Space Gray,12186
https://jabko.ua/iphone/b-u-iphone/b-u-iphone-11-pro-max/bu-iphone-11-pro-max-256gb-space-gray-idealnyi-stan-nova-batareya,б/у iPhone 11 Pro Max 256GB (Space Gray) (Як Новий),12614,https://mygadget.ua/kak-novyy/iphone/iphone-11-pro-max-kak-novyy/apple-iphone-11-pro-max-256gb-space-gray-kak-novyy,Б/У iPhone 11 Pro Max 256Gb Space Gray,12639
https://jabko.ua/product/bu-iphone-11-pro-max-512gb-space-gray-horoshyi-stan-nova-batareya,"б/у iPhone 11 Pro Max 512GB (Space Gray) (Хороший стан, нова батарея)",12389,https://mygadget.ua/b-us/b-u-iphone/b-u-iphone-11-pro-max/b-u-iphone-11-pro-max-512gb-space-gray-sostoyanie-10-10,Б/У iPhone 11 Pro Max 512Gb Space Gray,12457
https://jabko.ua/product/bu-iphone-11-pro-max-512gb-space-gray-idealnyi-stan-nova-batareya,б/у iPhone 11 Pro Max 512GB (Space Gray) (Як Новий),13065,https://mygadget.ua/kak-novyy/iphone/iphone-11-pro-max-kak-novyy/apple-iphone-11-pro-max-512gb-space-gray-kak-novyy,Б/У iPhone 11 Pro Max 512Gb Space Gray,13092
https://jabko.ua/iphone/b-u-iphone/b-u-apple-iphone-12/bu-iphone-12-64gb-black-horoshyi-stan-nova-batareya,"б/у iPhone 12 64GB (Black) (Хороший стан, нова батарея)",10136,https://mygadget.ua/b-us/b-u-iphone/b-u-iphone-12/b-u-iphone-12-64gb-black-sostoyanie-10-10,Б/У iPhone 12 64GB Black,10192
https://jabko.ua/iphone/b-u-iphone/b-u-apple-iphone-12/bu-iphone-12-64gb-black-idealnyi-stan-nova-batareya,б/у iPhone 12 64GB (Black) (Як Новий),11037,https://mygadget.ua/kak-novyy/iphone/iphone-12-kak-novyy/b-u-iphone-12-64gb-black-kak-novyy,Apple iPhone 12 64GB Black (як новий),11098
https://jabko.ua/iphone/b-u-iphone/b-u-apple-iphone-12/bu-iphone-12-128gb-black-horoshyi-stan-nova-batareya,"б/у iPhone 12 128GB (Black) (Хороший стан, нова батарея)",12389,https://mygadget.ua/b-us/b-u-iphone/b-u-iphone-12/b-u-iphone-12-128gb-black-sostoyanie-10-10,Б/У iPhone 12 128GB Black,12457
https://jabko.ua/iphone/b-u-iphone/b-u-apple-iphone-12/bu-iphone-12-128gb-black-idealnyi-stan-nova-batareya,б/у iPhone 12 128GB (Black) (Як Новий),13290,https://mygadget.ua/kak-novyy/iphone/iphone-12-kak-novyy/b-u-iphone-12-128gb-black-kak-novyy,Apple iPhone 12 128GB Black (як новий),13545
https://jabko.ua/product/bu-iphone-12-256gb-black-horoshyi-stan-nova-batareya,"б/у iPhone 12 256GB (Black) (Хороший стан, нова батарея)",13290,https://mygadget.ua/b-us/b-u-iphone/b-u-iphone-12/b-u-iphone-12-256gb-black-sostoyanie-10-10,Б/У iPhone 12 256GB Black,13363
https://jabko.ua/product/bu-iphone-12-256gb-black-idealnyi-stan-nova-batareya,б/у iPhone 12 256GB (Black) (Як Новий),14191,https://mygadget.ua/kak-novyy/iphone/iphone-12-kak-novyy/b-u-iphone-12-256gb-black-kak-novyy,Apple iPhone 12 256GB Black (як новий),14451
https://jabko.ua/iphone/b-u-iphone/b-u-apple-iphone-12-pro/bu-iphone-12-pro-128gb-graphite-horoshyi-stan-nova-batareya,"б/у iPhone 12 Pro 128GB (Graphite) (Хороший стан, нова батарея)",13740,https://mygadget.ua/b-us/b-u-iphone/b-u-iphone-12-pro/b-u-iphone-12-pro-128gb-graphite-sostoyanie-10-10,Б/У iPhone 12 Pro 128Gb Graphite,13816
https://jabko.ua/iphone/b-u-iphone/b-u-apple-iphone-12-pro/bu-iphone-12-pro-128gb-graphite-idealnyi-stan-nova-batareya,б/у iPhone 12 Pro 128GB (Graphite) (Як Новий),14641,https://mygadget.ua/kak-novyy/iphone/iphone-12-pro-kak-novyy/b-u-iphone-12-pro-128gb-graphite-kak-novyy,Apple iPhone 12 Pro 128Gb Graphite (як новий),14722
https://jabko.ua/iphone/b-u-iphone/b-u-apple-iphone-12-pro/bu-iphone-12-pro-256gb-graphite-horoshyi-stan-nova-batareya,"б/у iPhone 12 Pro 256GB (Graphite) (Хороший стан, нова батарея)",15092,https://mygadget.ua/b-us/b-u-iphone/b-u-iphone-12-pro/b-u-iphone-12-pro-256gb-graphite-sostoyanie-10-10,Б/У iPhone 12 Pro 256Gb Graphite,15175
https://jabko.ua/iphone/b-u-iphone/b-u-apple-iphone-12-pro/bu-iphone-12-pro-256gb-graphite-idealnyi-stan-nova-batareya,б/у iPhone 12 Pro 256GB (Graphite) (Як Новий),15993,https://mygadget.ua/kak-novyy/iphone/iphone-12-pro-kak-novyy/b-u-iphone-12-pro-256gb-graphite-kak-novyy,Apple iPhone 12 Pro 256Gb Graphite (як новий),16081
https://jabko.ua/iphone/b-u-iphone/b-u-apple-iphone-12-pro/bu-iphone-12-pro-512gb-graphite-horoshyi-stan-nova-batareya,"б/у iPhone 12 Pro 512GB (Graphite) (Хороший стан, нова батарея)",15993,https://mygadget.ua/b-us/b-u-iphone/b-u-iphone-12-pro/b-u-iphone-12-pro-512gb-graphite-sostoyanie-10-10,Б/У iPhone 12 Pro 512Gb Graphite,16081
https://jabko.ua/iphone/b-u-iphone/b-u-apple-iphone-12-pro/bu-iphone-12-pro-512gb-graphite-idealnyi-stan-nova-batareya,б/у iPhone 12 Pro 512GB (Graphite) (Як Новий),16894,https://mygadget.ua/kak-novyy/iphone/iphone-12-pro-kak-novyy/b-u-iphone-12-pro-512gb-graphite-kak-novyy,Apple iPhone 12 Pro 512Gb Graphite (як новий),16987
https://jabko.ua/iphone/b-u-iphone/b-u-apple-iphone-12-pro-max/bu-iphone-12-pro-max-128gb-graphite-horoshyi-stan-nova-batareya,"б/у iPhone 12 Pro Max 128GB (Graphite) (Хороший стан, нова батарея)",15092,https://mygadget.ua/b-us/b-u-iphone/b-u-iphone-12-pro-max/b-u-iphone-12-pro-max-128gb-graphite-sostoyanie-10-10,Б/У iPhone 12 Pro Max 128Gb Graphite,15175
https://jabko.ua/iphone/b-u-iphone/b-u-apple-iphone-12-pro-max/bu-iphone-12-pro-max-128gb-graphite-idealnyi-stan-nova-batareya,б/у iPhone 12 Pro Max 128GB (Graphite) (Як Новий),15993,https://mygadget.ua/kak-novyy/iphone/iphone-12-pro-max-kak-novyy/b-u-iphone-12-pro-max-128gb-graphite-kak-novyy,Apple iPhone 12 Pro Max 128Gb Graphite (як новий),16081
https://jabko.ua/iphone/b-u-iphone/b-u-apple-iphone-12-pro-max/bu-iphone-12-pro-max-256gb-graphite-horoshyi-stan-nova-batareya,"б/у iPhone 12 Pro Max 256GB (Graphite) (Хороший стан, нова батарея)",16894,https://mygadget.ua/b-us/b-u-iphone/b-u-iphone-12-pro-max/b-u-iphone-12-pro-max-256gb-graphite-sostoyanie-10-10,Б/У iPhone 12 Pro Max 256Gb Graphite,16987
https://jabko.ua/iphone/b-u-iphone/b-u-apple-iphone-12-pro-max/bu-iphone-12-pro-max-256gb-graphite-idealnyi-stan-nova-batareya,б/у iPhone 12 Pro Max 256GB (Graphite) (Як Новий),17795,https://mygadget.ua/kak-novyy/iphone/iphone-12-pro-max-kak-novyy/b-u-iphone-12-pro-max-256gb-graphite-kak-novyy,Apple iPhone 12 Pro Max 256Gb Graphite (як новий),17893
https://jabko.ua/iphone/b-u-iphone/b-u-apple-iphone-12-pro-max/bu-iphone-12-pro-max-512gb-graphite-vidminnij-stan-100-batareya,"б/у iPhone 12 Pro Max 512GB (Graphite) (Хороший стан, нова батарея)",17795,https://mygadget.ua/b-us/b-u-iphone/b-u-iphone-12-pro-max/b-u-iphone-12-pro-max-512gb-graphite-sostoyanie-10-10,Б/У iPhone 12 Pro Max 512Gb Graphite,17893
https://jabko.ua/iphone/b-u-iphone/b-u-apple-iphone-12-pro-max/b-u-iphone-12-pro-max-512gb--graphite---otlichnoe-sostojanie-,б/у iPhone 12 Pro Max 512GB (Graphite) (Як Новий),18696,https://mygadget.ua/kak-novyy/iphone/iphone-12-pro-max-kak-novyy/b-u-iphone-12-pro-max-512gb-graphite-kak-novyy,Apple iPhone 12 Pro Max 512Gb Graphite (як новий),18799
https://jabko.ua/iphone/b-u-iphone/b-u-apple-iphone-13/bu-iphone-13-128gb-midnight-horoshyi-stan-nova-batareya,"б/у iPhone 13 128GB (Midnight) (Хороший стан, нова батарея)",15092,https://mygadget.ua/b-us/b-u-iphone/b-u-iphone-13/b-u-iphone-13-128gb-midnight-sostoyanie-10-10,Б/У iPhone 13 128Gb Midnight,15175
https://jabko.ua/iphone/b-u-iphone/b-u-apple-iphone-13/bu-iphone-13-128gb-midnight-idealnyi-stan-nova-batareya,б/у iPhone 13 128GB (Midnight) (Як Новий),16218,https://mygadget.ua/kak-novyy/iphone/iphone-13-kak-novyy/b-u-iphone-13-128gb-midnight-kak-novyy,Apple iPhone 13 128Gb Midnight (як новий),16534
https://jabko.ua/iphone/b-u-iphone/b-u-apple-iphone-13/bu-iphone-13-256gb-midnight-horoshyi-stan-nova-batareya,"б/у iPhone 13 256GB (Midnight) (Хороший стан, нова батарея)",17344,https://mygadget.ua/b-us/b-u-iphone/b-u-iphone-13/b-u-iphone-13-256gb-midnight-sostoyanie-10-10,Б/У iPhone 13 256Gb Midnight,17440
https://jabko.ua/iphone/b-u-iphone/b-u-apple-iphone-13/bu-iphone-13-256gb-midnight-idealnyi-stan-nova-batareya,б/у iPhone 13 256GB (Midnight) (Як Новий),18491,https://mygadget.ua/kak-novyy/iphone/iphone-13-kak-novyy/b-u-iphone-13-256gb-midnight-kak-novyy,Apple iPhone 13 256Gb Midnight (як новий),18799
https://jabko.ua/product/bu-iphone-13-512gb-midnight-horoshyi-stan-nova-batareya,"б/у iPhone 13 512GB (Midnight) (Хороший стан, нова батарея)",17795,https://mygadget.ua/b-us/b-u-iphone/b-u-iphone-13/b-u-iphone-13-512gb-midnight-sostoyanie-10-10,Б/У iPhone 13 512Gb Midnight,
https://jabko.ua/product/bu-iphone-13-512gb-midnight-yak-novyi,б/у iPhone 13 512GB (Midnight) (Як Новий),18921,https://mygadget.ua/kak-novyy/iphone/iphone-13-kak-novyy/b-u-iphone-13-512gb-midnight-kak-novyy,Apple iPhone 13 512Gb Midnight (як новий),
https://jabko.ua/iphone/b-u-iphone/b-u-apple-iphone-13-pro/bu-iphone-13-pro-128gb-graphite-vidminnij-stan-100-batareya_vkax,"б/у iPhone 13 Pro 128GB (Graphite) (Хороший стан, нова батарея)",20047,https://mygadget.ua/b-us/b-u-iphone/bu-iphone-13-pro/b-u-iphone-13-pro-128gb-graphite-sostoyanie-10-10,Б/У iPhone 13 Pro 128Gb Graphite,20158
https://jabko.ua/iphone/b-u-iphone/b-u-apple-iphone-13-pro/b-u-iphone-13-pro-128gb--graphite---idealnoe-sostojanie-_tko9,б/у iPhone 13 Pro 128GB (Graphite) (Як Новий),21174,https://mygadget.ua/kak-novyy/iphone/iphone-13-pro-kak-novyy/b-u-iphone-13-pro-128gb-graphite-kak-novyy,Apple iPhone 13 Pro 128Gb Graphite (як новий),21064
https://jabko.ua/iphone/b-u-iphone/b-u-apple-iphone-13-pro/bu-iphone-13-pro-256gb-graphite-vidminnij-stan-100-batareya_0mnv,"б/у iPhone 13 Pro 256GB (Graphite) (Хороший стан, нова батарея)",21849,https://mygadget.ua/b-us/b-u-iphone/bu-iphone-13-pro/b-u-iphone-13-pro-256gb-graphite-sostoyanie-10-10,Б/У iPhone 13 Pro 256Gb Graphite,21970
https://jabko.ua/iphone/b-u-iphone/b-u-apple-iphone-13-pro/b-u-iphone-13-pro-256gb--graphite---idealnoe-sostojanie-_gkni,б/у iPhone 13 Pro 256GB (Graphite) (Як Новий),22976,https://mygadget.ua/kak-novyy/iphone/iphone-13-pro-kak-novyy/b-u-iphone-13-pro-256gb-graphite-kak-novyy,Apple iPhone 13 Pro 256Gb Graphite (як новий),22876
https://jabko.ua/iphone/b-u-iphone/b-u-apple-iphone-13-pro/bu-iphone-13-pro-512gb-graphite-vidminnij-stan-100-batareya_kvpe,"б/у iPhone 13 Pro 512GB (Graphite) (Хороший стан, нова батарея)",22750,https://mygadget.ua/b-us/b-u-iphone/bu-iphone-13-pro/b-u-iphone-13-pro-512gb-graphite-sostoyanie-10-10,Б/У iPhone 13 Pro 512Gb Graphite,22876
https://jabko.ua/iphone/b-u-iphone/b-u-apple-iphone-13-pro/bu-iphone-13-pro-512gb-graphite-idealnyi-stan-nova-batareya,б/у iPhone 13 Pro 512GB (Graphite) (Як Новий),23877,https://mygadget.ua/kak-novyy/iphone/iphone-13-pro-kak-novyy/b-u-iphone-13-pro-512gb-graphite-kak-novyy,Apple iPhone 13 Pro 512Gb Graphite (як новий),24235
https://jabko.ua/iphone/b-u-iphone/b-u-apple-iphone-13-pro-max/bu-iphone-13-pro-max-128gb-graphite-horoshyi-stan-nova-batareya,"б/у iPhone 13 Pro Max 128GB (Graphite) (Хороший стан, нова батарея)",21849,https://mygadget.ua/b-us/b-u-iphone/b-u-iphone-13-pro-max/b-u-iphone-13-pro-max-128gb-graphite-sostoyanie-10-10,Б/У iPhone 13 Pro Max 128Gb Graphite,21970
https://jabko.ua/iphone/b-u-iphone/b-u-apple-iphone-13-pro-max/bu-iphone-13-pro-max-128gb-graphite-idealnyi-stan-nova-batareya,б/у iPhone 13 Pro Max 128GB (Graphite) (Як Новий),22976,https://mygadget.ua/kak-novyy/iphone/iphone-13-pro-max-kak-novyy/b-u-iphone-13-pro-max-128gb-graphite-kak-novyy,Apple iPhone 13 Pro Max 128Gb Graphite (як новий),22876
https://jabko.ua/iphone/b-u-iphone/b-u-apple-iphone-13-pro-max/bu-iphone-13-pro-max-256gb-graphite-horoshyi-stan-nova-batareya,"б/у iPhone 13 Pro Max 256GB (Graphite) (Хороший стан, нова батарея)",24552,https://mygadget.ua/b-us/b-u-iphone/b-u-iphone-13-pro-max/b-u-iphone-13-pro-max-256gb-graphite-sostoyanie-10-10,Б/У iPhone 13 Pro Max 256Gb Graphite,24688
https://jabko.ua/iphone/b-u-iphone/b-u-apple-iphone-13-pro-max/bu-iphone-13-pro-max-256gb-graphite-idealnyi-stan-nova-batareya,б/у iPhone 13 Pro Max 256GB (Graphite) (Як Новий),25679,https://mygadget.ua/kak-novyy/iphone/iphone-13-pro-max-kak-novyy/b-u-iphone-13-pro-max-256gb-graphite-kak-novyy,Apple iPhone 13 Pro Max 256Gb Graphite (як новий),25594
https://jabko.ua/iphone/b-u-iphone/b-u-apple-iphone-13-pro-max/bu-iphone-13-pro-max-512gb-graphite-horoshyi-stan-nova-batareya,"б/у iPhone 13 Pro Max 512GB (Graphite) (Хороший стан, нова батарея)",25453,https://mygadget.ua/b-us/b-u-iphone/b-u-iphone-13-pro-max/b-u-iphone-13-pro-max-512gb-graphite-sostoyanie-10-10,Б/У iPhone 13 Pro Max 512Gb Graphite,25594
https://jabko.ua/iphone/b-u-iphone/b-u-apple-iphone-13-pro-max/bu-iphone-13-pro-max-512gb-graphite-idealnyi-stan-nova-batareya,б/у iPhone 13 Pro Max 512GB (Graphite) (Як Новий),26580,https://mygadget.ua/kak-novyy/iphone/iphone-13-pro-max-kak-novyy/b-u-iphone-13-pro-max-512gb-graphite-kak-novyy,Apple iPhone 13 Pro Max 512Gb Graphite (як новий),26953
https://jabko.ua/iphone/b-u-iphone/b-u-apple-iphone-14/bu-iphone-14-128gb-midnight-horoshyi-stan-nova-batareya,"б/у iPhone 14 128GB (Midnight) (Хороший стан, нова батарея)",16894,https://mygadget.ua/b-us/b-u-iphone/b-u-iphone-14/b-u-apple-iphone-14-128gb-midnight-mpuf3-sostoyanie-10-10,Б/У Apple iPhone 14 128Gb Midnight,16987
https://jabko.ua/iphone/b-u-iphone/b-u-apple-iphone-14/bu-iphone-14-128gb-midnight-idealnyi-stan-nova-batareya,б/у iPhone 14 128GB (Midnight) (Як Новий),17795,https://mygadget.ua/kak-novyy/iphone/iphone-14-kak-novyy/b-u-apple-iphone-14-128gb-midnight-mpuf3-kak-novyy,Apple iPhone 14 128Gb Midnight (як новий),18346
https://jabko.ua/iphone/b-u-iphone/b-u-apple-iphone-14/bu-iphone-14-256gb-midnight-horoshyi-stan-nova-batareya,"б/у iPhone 14 256GB (Midnight) (Хороший стан, нова батарея)",20047,https://mygadget.ua/b-us/b-u-iphone/b-u-iphone-14/b-u-apple-iphone-14-256gb-midnight-mpvx3-sostoyanie-10-10,Б/У Apple iPhone 14 256Gb Midnight,20158
https://jabko.ua/iphone/b-u-iphone/b-u-apple-iphone-14/bu-iphone-14-256gb-midnight-idealnyi-stan-nova-batareya,б/у iPhone 14 256GB (Midnight) (Як Новий),20948,https://mygadget.ua/kak-novyy/iphone/iphone-14-kak-novyy/b-u-apple-iphone-14-256gb-midnight-mpvx3-kak-novyy,Apple iPhone 14 256Gb Midnight (як новий),21517
https://jabko.ua/product/bu-iphone-14-512gb-midnight-horoshyi-stan-nova-batareya,"б/у iPhone 14 512GB (Midnight) (Хороший стан, нова батарея)",20972,https://mygadget.ua/b-us/b-u-iphone/b-u-iphone-14/b-u-apple-iphone-14-512gb-midnight-mpww3-sostoyanie-10-10,Б/У Apple iPhone 14 512Gb Midnight,27135
https://jabko.ua/product/bu-iphone-14-512gb-midnight-yak-novyi,б/у iPhone 14 512GB (Midnight) (Як Новий),21849,https://mygadget.ua/kak-novyy/iphone/iphone-14-kak-novyy/b-u-apple-iphone-14-512gb-midnight-mpww3-kak-novyy,Apple iPhone 14 512Gb Midnight (як новий),
https://jabko.ua/iphone/b-u-iphone/b-u-apple-iphone-14/bu-iphone-14-128gb-midnight-horoshyi-stan-nova-batareya-e-sim,"б/у iPhone 14 128GB (Midnight) (Хороший стан, нова батарея) (e-Sim)",15993,https://mygadget.ua/b-us/b-u-iphone/b-u-iphone-14/b-u-apple-iphone-14-128gb-midnight-mpuf3-sostoyanie-10-10-1,Б/У Apple iPhone 14 128Gb Midnight eSIM,16081
https://jabko.ua/iphone/b-u-iphone/b-u-apple-iphone-14/bu-iphone-14-128gb-midnight-idealnyi-stan-nova-batareya-e-sim,б/у iPhone 14 128GB (Midnight) (Як Новий) (e-Sim),16894,,Apple iPhone 14 128Gb Midnight (як новий),
https://jabko.ua/iphone/b-u-iphone/b-u-apple-iphone-14/bu-iphone-14-256gb-midnight-horoshyi-stan-nova-batareya-e-sim,"б/у iPhone 14 256GB (Midnight) (Хороший стан, нова батарея) (e-Sim)",18696,https://mygadget.ua/b-us/b-u-iphone/b-u-iphone-14/b-u-apple-iphone-14-256gb-midnight-mpvx3-sostoyanie-10-10-1,Б/У Apple iPhone 14 256Gb Midnight eSIM,18799
https://jabko.ua/iphone/b-u-iphone/b-u-apple-iphone-14/bu-iphone-14-256gb-midnight-idealnyi-stan-nova-batareya-e-sim,б/у iPhone 14 256GB (Midnight) (Як Новий) (e-Sim),19597,https://mygadget.ua/kak-novyy/iphone/iphone-14-kak-novyy/b-u-apple-iphone-14-256gb-midnight-mpvx3-kak-novyy,Apple iPhone 14 256Gb Midnight (як новий),21517
https://jabko.ua/product/bu-iphone-14-512gb-midnight-horoshyi-stan-nova-batareya-e-sim,"б/у iPhone 14 512GB (Midnight) (Хороший стан, нова батарея) (e-Sim)",19619,,Б/У Apple iPhone 14 512Gb Midnight,
https://jabko.ua/product/bu-iphone-14-512gb-midnight-yak-novyi-e-sim,б/у iPhone 14 512GB (Midnight) (Як Новий) (e-Sim),20498,https://mygadget.ua/kak-novyy/iphone/iphone-14-kak-novyy/b-u-apple-iphone-14-512gb-midnight-mpww3-kak-novyy,Apple iPhone 14 512Gb Midnight (як новий),
https://jabko.ua/iphone/b-u-iphone/b-u-apple-iphone-14-pro/bu-iphone-14-pro-128gb-space-black-horoshyi-stan-nova-batareya,"б/у iPhone 14 Pro 128GB (Space Black) (Хороший стан, нова батарея)",25031,https://mygadget.ua/b-us/b-u-iphone/b-u-iphone-14-pro/b-u-apple-iphone-14-pro-128gb-deep-purple-mq0g3-sostoyanie-10-10,Б/У Apple iPhone 14 Pro 128Gb Space Black,25141
https://jabko.ua/iphone/b-u-iphone/b-u-apple-iphone-14-pro/bu-iphone-14-pro-128gb-space-black-idealnyi-stan-nova-batareya,б/у iPhone 14 Pro 128GB (Space Black) (Як Новий),26129,https://mygadget.ua/kak-novyy/iphone/iphone-14-pro-kak-novyy-/b-u-apple-iphone-14-pro-128gb-space-black-mpxv3-kak-novyy,Apple iPhone 14 Pro 128Gb Space Black (як новий),26500
https://jabko.ua/iphone/b-u-iphone/b-u-apple-iphone-14-pro/bu-iphone-14-pro-256gb-space-black-horoshyi-stan-nova-batareya,"б/у iPhone 14 Pro 256GB (Space Black) (Хороший стан, нова батарея)",27737,https://mygadget.ua/b-us/b-u-iphone/b-u-iphone-14-pro/b-u-apple-iphone-14-pro-256gb-deep-purple-mq1f3-sostoyanie-10-10,Б/У Apple iPhone 14 Pro 256Gb Space Black eSIM,27859
https://jabko.ua/iphone/b-u-iphone/b-u-apple-iphone-14-pro/bu-iphone-14-pro-256gb-space-black-idealnyi-stan-nova-batareya,б/у iPhone 14 Pro 256GB (Space Black) (Як Новий),28832,https://mygadget.ua/kak-novyy/iphone/iphone-14-pro-kak-novyy-/b-u-apple-iphone-14-pro-256gb-space-black-mq0t3-kak-novyy,Apple iPhone 14 Pro 256Gb Space Black (як новий),29218
https://jabko.ua/iphone/b-u-iphone/b-u-apple-iphone-14-pro/bu-iphone-14-pro-512gb-space-black-horoshyi-stan-nova-batareya,"б/у iPhone 14 Pro 512GB (Space Black) (Хороший стан, нова батарея)",29090,https://mygadget.ua/b-us/b-u-iphone/b-u-iphone-14-pro/b-u-apple-iphone-14-pro-512gb-deep-purple-mq293-sostoyanie-10-10,Б/У Apple iPhone 14 Pro 512Gb Space Black,29218
https://jabko.ua/iphone/b-u-iphone/b-u-apple-iphone-14-pro/bu-iphone-14-pro-512gb-space-black-idealnyi-stan-nova-batareya,б/у iPhone 14 Pro 512GB (Space Black) (Як Новий),30183,https://mygadget.ua/kak-novyy/iphone/iphone-14-pro-kak-novyy-/b-u-apple-iphone-14-pro-512gb-space-black-mq1m3-kak-novyy,Apple iPhone 14 Pro 512Gb Space Black (як новий),30759
https://jabko.ua/iphone/b-u-iphone/b-u-apple-iphone-14-pro/bu-iphone-14-pro-128gb-space-black-horoshyi-stan-nova-batareya-e-sim,"б/у iPhone 14 Pro 128GB (Space Black) (Хороший стан, нова батарея) (e-Sim)",22300,https://mygadget.ua/b-us/b-u-iphone/b-u-iphone-14-pro/b-u-apple-iphone-14-pro-128gb-space-black-mpxt3-esim-sostoyanie-10-10,Б/У Apple iPhone 14 Pro 128Gb Space Black eSIM,22876
https://jabko.ua/iphone/b-u-iphone/b-u-apple-iphone-14-pro/bu-iphone-14-pro-128gb-space-black-idealnyi-stan-nova-batareya-e-sim,б/у iPhone 14 Pro 128GB (Space Black) (Як Новий) (e-Sim),23452,,Apple iPhone 14 Pro 128Gb Space Black (як новий) eSIM,
https://jabko.ua/iphone/b-u-iphone/b-u-apple-iphone-14-pro/bu-iphone-14-pro-256gb-space-black-horoshyi-stan-nova-batareya-e-sim,"б/у iPhone 14 Pro 256GB (Space Black) (Хороший стан, нова батарея) (e-Sim)",25003,https://mygadget.ua/b-us/b-u-iphone/b-u-iphone-14-pro/b-u-apple-iphone-14-pro-256gb-space-black-mq0n3-esim-sostoyanie-10-10,Б/У Apple iPhone 14 Pro 256Gb Space Black eSIM,25594
https://jabko.ua/iphone/b-u-iphone/b-u-apple-iphone-14-pro/bu-iphone-14-pro-256gb-space-black-idealnyi-stan-nova-batareya-e-sim,б/у iPhone 14 Pro 256GB (Space Black) (Як Новий) (e-Sim),26158,,Apple iPhone 14 Pro 256Gb Space Black (як новий) eSIM,
https://jabko.ua/iphone/b-u-iphone/b-u-apple-iphone-14-pro/bu-iphone-14-pro-512gb-space-black-horoshyi-stan-nova-batareya-e-sim,"б/у iPhone 14 Pro 512GB (Space Black) (Хороший стан, нова батарея) (e-Sim)",26354,https://mygadget.ua/b-us/b-u-iphone/b-u-iphone-14-pro/b-u-apple-iphone-14-pro-512gb-space-black-mq1k3-esim-sostoyanie-10-10,Б/У Apple iPhone 14 Pro 512Gb Space Black eSIM,
https://jabko.ua/iphone/b-u-iphone/b-u-apple-iphone-14-pro/bu-iphone-14-pro-512gb-space-black-idealnyi-stan-nova-batareya-e-sim,б/у iPhone 14 Pro 512GB (Space Black) (Як Новий) (e-Sim),27511,,Apple iPhone 14 Pro 512Gb Space Black (як новий) eSIM,
https://jabko.ua/iphone/b-u-iphone/b-u-apple-iphone-14-pro-max/bu-iphone-14-pro-max-128gb-space-black-horoshyi-stan-nova-batareya,"б/у iPhone 14 Pro Max 128GB (Space Black) (Хороший стан, нова батарея)",26835,https://mygadget.ua/b-us/b-u-iphone/b-u-iphone-14-pro-max/b-u-apple-iphone-14-pro-max-128gb-space-black-mq9p3-sostoyanie-10-10,Б/у Apple iPhone 14 Pro Max 128Gb Space Black,26953
https://jabko.ua/iphone/b-u-iphone/b-u-apple-iphone-14-pro-max/bu-iphone-14-pro-max-128gb-space-black-idealnyi-stan-nova-batareya,б/у iPhone 14 Pro Max 128GB (Space Black) (Як Новий),27962,https://mygadget.ua/kak-novyy/iphone/iphone-14-pro-max-kak-novyy/b-u-apple-iphone-14-pro-max-128gb-space-black-mq9p3-kak-novyy,Apple iPhone 14 Pro Max 128Gb Space Black (як новий),28041
https://jabko.ua/iphone/b-u-iphone/b-u-apple-iphone-14-pro-max/bu-iphone-14-pro-max-256gb-space-black-horoshyi-stan-nova-batareya,"б/у iPhone 14 Pro Max 256GB (Space Black) (Хороший стан, нова батарея)",29541,https://mygadget.ua/b-us/b-u-iphone/b-u-iphone-14-pro-max/b-u-apple-iphone-14-pro-max-256gb-space-black-mq9u3-sostoyanie-10-10,Б/у Apple iPhone 14 Pro Max 256Gb Space Black,29671
https://jabko.ua/iphone/b-u-iphone/b-u-apple-iphone-14-pro-max/bu-iphone-14-pro-max-256gb-space-black-idealnyi-stan-nova-batareya,б/у iPhone 14 Pro Max 256GB (Space Black) (Як Новий),30668,https://mygadget.ua/kak-novyy/iphone/iphone-14-pro-max-kak-novyy/b-u-apple-iphone-14-pro-max-256gb-space-black-mq9u3-kak-novyy,Apple iPhone 14 Pro Max 256Gb Space Black (як новий),30759
https://jabko.ua/iphone/b-u-iphone/b-u-apple-iphone-14-pro-max/bu-iphone-14-pro-max-512gb-space-black-horoshyi-stan-nova-batareya,"б/у iPhone 14 Pro Max 512GB (Space Black) (Хороший стан, нова батарея)",31310,https://mygadget.ua/b-us/b-u-iphone/b-u-iphone-14-pro-max/b-u-apple-iphone-14-pro-max-512gb-space-black-mqaf3-sostoyanie-10-10,Б/у Apple iPhone 14 Pro Max 512Gb Space Black,31483
https://jabko.ua/iphone/b-u-iphone/b-u-apple-iphone-14-pro-max/bu-iphone-14-pro-max-512gb-space-black-idealnyi-stan-nova-batareya,б/у iPhone 14 Pro Max 512GB (Space Black) (Як Новий),32472,https://mygadget.ua/kak-novyy/iphone/iphone-14-pro-max-kak-novyy/b-u-apple-iphone-14-pro-max-512gb-space-black-mqaf3-kak-novyy,Apple iPhone 14 Pro Max 512Gb Space Black (як новий),32571
https://jabko.ua/iphone/b-u-iphone/b-u-apple-iphone-14-pro-max/bu-iphone-14-pro-max-128gb-space-black-horoshyi-stan-nova-batareya-e-sim,"б/у iPhone 14 Pro Max 128GB (Space Black) (Хороший стан, нова батарея) (e-Sim)",24552,https://mygadget.ua/b-us/b-u-iphone/b-u-iphone-14-pro-max/b-u-apple-iphone-14-pro-max-128gb-space-black-mq8n3-esim-sostoyanie-10-10,Б/у Apple iPhone 14 Pro Max 128Gb Space Black eSIM,24688
https://jabko.ua/iphone/b-u-iphone/b-u-apple-iphone-14-pro-max/bu-iphone-14-pro-max-128gb-space-black-idealnyi-stan-nova-batareya-e-sim,б/у iPhone 14 Pro Max 128GB (Space Black) (Як Новий) (e-Sim),25707,,Apple iPhone 14 Pro Max 128Gb Space Black (як новий),
https://jabko.ua/iphone/b-u-iphone/b-u-apple-iphone-14-pro-max/bu-iphone-14-pro-max-256gb-space-black-horoshyi-stan-nova-batareya-e-sim,"б/у iPhone 14 Pro Max 256GB (Space Black) (Хороший стан, нова батарея) (e-Sim)",26805,https://mygadget.ua/b-us/b-u-iphone/b-u-iphone-14-pro-max/b-u-apple-iphone-14-pro-max-256gb-space-black-mq8t3-esim-sostoyanie-10-10,Б/у Apple iPhone 14 Pro Max 256Gb Space Black eSIM,26953
https://jabko.ua/iphone/b-u-iphone/b-u-apple-iphone-14-pro-max/bu-iphone-14-pro-max-256gb-space-black-idealnyi-stan-nova-batareya-e-sim,б/у iPhone 14 Pro Max 256GB (Space Black) (Як Новий) (e-Sim),27962,,Apple iPhone 14 Pro Max 256Gb Space Black (як новий) eSIM,
https://jabko.ua/iphone/b-u-iphone/b-u-apple-iphone-14-pro-max/bu-iphone-14-pro-max-512gb-space-black-horoshyi-stan-nova-batareya-e-sim,"б/у iPhone 14 Pro Max 512GB (Space Black) (Хороший стан, нова батарея) (e-Sim)",28188,,Б/у Apple iPhone 14 Pro Max 512Gb Space Black,
https://jabko.ua/iphone/b-u-iphone/b-u-apple-iphone-14-pro-max/bu-iphone-14-pro-max-512gb-space-black-idealnyi-stan-nova-batareya-e-sim,б/у iPhone 14 Pro Max 512GB (Space Black) (Як Новий) (e-Sim),29315,,Apple iPhone 14 Pro Max 512Gb Space Black (як новий),
https://jabko.ua/iphone/b-u-iphone/bu-apple-iphone-15/bu-iphone-15-128gb-black-horoshyi-stan-nova-batareya,"б/у iPhone 15 128GB (Black) (Хороший стан, нова батарея)",23001,https://mygadget.ua/b-us/b-u-iphone/b-u-iphone-15/b-u-apple-iphone-15-128gb-black-mtp03-idealnoe-sostoyanie,Б/У Apple iPhone 15 128Gb Black,23058
https://jabko.ua/iphone/b-u-iphone/bu-apple-iphone-15/bu-iphone-15-128gb-black-idealnyi-stan-nova-batareya,б/у iPhone 15 128GB (Black) (Як Новий),24354,https://mygadget.ua/kak-novyy/iphone/iphone-15-kak-novyy/apple-iphone-15-128gb-black-mtp03-1,Apple iPhone 15 128Gb Black (як новий),24417
https://jabko.ua/iphone/b-u-iphone/bu-apple-iphone-15/bu-iphone-15-256gb-black-horoshyi-stan-standartna-batareya_okzh,"б/у iPhone 15 256GB (Black) (Хороший стан, нова батарея)",27511,https://mygadget.ua/b-us/b-u-iphone/b-u-iphone-15/b-u-apple-iphone-15-256gb-black-mtp63-idealnoe-sostoyanie,Б/У Apple iPhone 15 256Gb Black,27588
https://jabko.ua/iphone/b-u-iphone/bu-apple-iphone-15/bu-iphone-15-256gb-black-idealnyi-stan-nova-batareya,б/у iPhone 15 256GB (Black) (Як Новий),28864,https://mygadget.ua/kak-novyy/iphone/iphone-15-kak-novyy/apple-iphone-15-256gb-black-mtp63-kak-novyy,Apple iPhone 15 256Gb Black (як новий),28947
https://jabko.ua/product/bu-iphone-15-512gb-black-horoshyi-stan-nova-batareya,"б/у iPhone 15 512GB (Black) (Хороший стан, нова батарея)",28382,,,
https://jabko.ua/product/bu-iphone-15-512gb-black-yak-novyi-e-sim,б/у iPhone 15 512GB (Black) (Як Новий) (e-Sim),28413,https://mygadget.ua/kak-novyy/iphone/iphone-15-kak-novyy/apple-iphone-15-512gb-black-mtpc3-kak-novyy,Apple iPhone 15 512Gb Black (як новий),
https://jabko.ua/iphone/b-u-iphone/bu-apple-iphone-15-pro/bu-iphone-15-pro-128gb-black-titanium-horoshyi-stan-nova-batareya,"б/у iPhone 15 Pro 128GB (Black Titanium) (Хороший стан, нова батарея)",31119,https://mygadget.ua/b-us/b-u-iphone/b-u-iphone-15-pro/b-u-apple-iphone-15-pro-128gb-black-titanium-mtuv3-idealnoe-sostoyanie,Б/У Apple iPhone 15 Pro 128Gb Black Titanium,30759
https://jabko.ua/iphone/b-u-iphone/bu-apple-iphone-15-pro/bu-iphone-15-pro-128gb-black-titanium-idealnyi-stan-nova-batareya,б/у iPhone 15 Pro 128GB (Black Titanium) (Як Новий),32698,https://mygadget.ua/kak-novyy/iphone/iphone-15-pro-kak-novyy/apple-iphone-15-pro-128gb-black-titanium-mtuv3-kak-novyy,Apple iPhone 15 Pro 128Gb Black Titanium (як новий),32571
https://jabko.ua/iphone/b-u-iphone/bu-apple-iphone-15-pro/bu-iphone-15-pro-256gb-black-titanium-horoshyi-stan-nova-batareya,"б/у iPhone 15 Pro 256GB (Black Titanium) (Хороший стан, нова батарея)",34727,https://mygadget.ua/b-us/b-u-iphone/b-u-iphone-15-pro/b-u-apple-iphone-15-pro-256gb-black-titanium-mtv13-idealnoe-sostoyanie,Б/У Apple iPhone 15 Pro 256Gb Black Titanium,34383
https://jabko.ua/iphone/b-u-iphone/bu-apple-iphone-15-pro/bu-iphone-15-pro-256gb-black-titanium-idealnyi-stan-nova-batareya,б/у iPhone 15 Pro 256GB (Black Titanium) (Як Новий),36306,https://mygadget.ua/kak-novyy/iphone/iphone-15-pro-kak-novyy/apple-iphone-15-pro-256gb-black-titanium-mtv13-kak-novyy,Apple iPhone 15 Pro 256Gb Black Titanium (як новий),36195
https://jabko.ua/iphone/b-u-iphone/bu-apple-iphone-15-pro/bu-iphone-15-pro-512gb-black-titanium-horoshyi-stan-nova-batareya,"б/у iPhone 15 Pro 512GB (Black Titanium) (Хороший стан, нова батарея)",36080,https://mygadget.ua/b-us/b-u-iphone/b-u-iphone-15-pro/b-u-apple-iphone-15-pro-512gb-black-titanium-mtv73-idealnoe-sostoyanie,Б/У Apple iPhone 15 Pro 512Gb Black Titanium,36195
https://jabko.ua/iphone/b-u-iphone/bu-apple-iphone-15-pro/bu-iphone-15-pro-512gb-black-titanium-idealnyi-stan-nova-batareya,б/у iPhone 15 Pro 512GB (Black Titanium) (Як Новий),37659,https://mygadget.ua/kak-novyy/iphone/iphone-15-pro-kak-novyy/apple-iphone-15-pro-512gb-black-titanium-mtv73-kak-novyy,Apple iPhone 15 Pro 512Gb Black Titanium (як новий),37554
https://jabko.ua/iphone/b-u-iphone/bu-apple-iphone-15-pro/bu-iphone-15-pro-128gb-black-titanium-horoshyi-stan-nova-batareya-e-sim,"б/у iPhone 15 Pro 128GB (Black Titanium) (Хороший стан, нова батарея) (e-Sim)",28864,https://mygadget.ua/b-us/b-u-iphone/b-u-iphone-15-pro/b-u-apple-iphone-15-pro-128gb-black-titanium-esim-idealnoe-sostoyanie,Б/У Apple iPhone 15 Pro 128Gb Black Titanium eSIM,28947
https://jabko.ua/iphone/b-u-iphone/bu-apple-iphone-15-pro/bu-iphone-15-pro-128gb-black-titanium-idealnyi-stan-nova-batareya-e-sim,б/у iPhone 15 Pro 128GB (Black Titanium) (Як Новий) (e-Sim),30443,https://mygadget.ua/kak-novyy/iphone/iphone-15-pro-kak-novyy/apple-iphone-15-pro-128gb-black-titanium-esim-kak-novyy,Apple iPhone 15 Pro 128Gb Black Titanium eSIM (як новий),30577
https://jabko.ua/iphone/b-u-iphone/bu-apple-iphone-15-pro/bu-iphone-15-pro-256gb-black-titanium-horoshyi-stan-nova-batareya-e-sim,"б/у iPhone 15 Pro 256GB (Black Titanium) (Хороший стан, нова батарея) (e-Sim)",32021,https://mygadget.ua/b-us/b-u-iphone/b-u-iphone-15-pro/b-u-apple-iphone-15-pro-256gb-black-titanium-esim-idealnoe-sostoyanie,Б/У Apple iPhone 15 Pro 256Gb Black Titanium eSIM,31665
https://jabko.ua/iphone/b-u-iphone/bu-apple-iphone-15-pro/bu-iphone-15-pro-256gb-black-titanium-idealnyi-stan-nova-batareya-e-sim,б/у iPhone 15 Pro 256GB (Black Titanium) (Як Новий) (e-Sim),33600,https://mygadget.ua/kak-novyy/iphone/iphone-15-pro-kak-novyy/apple-iphone-15-pro-256gb-black-titanium-esim-kak-novyy,Apple iPhone 15 Pro 256Gb Black Titanium eSIM (як новий),33024
https://jabko.ua/iphone/b-u-iphone/bu-apple-iphone-15-pro-max/bu-iphone-15-pro-max-256gb-black-titanium-horoshyi-stan-nova-batareya,"б/у iPhone 15 Pro Max 256GB (Black Titanium) (Хороший стан, нова батарея)",35629,https://mygadget.ua/b-us/b-u-iphone/b-u-iphone-15-pro-max/b-u-apple-iphone-15-pro-max-256gb-black-titanium-mu773-idealnoe-sostoyanie,Б/У Apple iPhone 15 Pro Max 256Gb Black Titanium,35742
https://jabko.ua/iphone/b-u-iphone/bu-apple-iphone-15-pro-max/bu-iphone-15-pro-max-256gb-black-titanium-idealnyi-stan-nova-batareya,б/у iPhone 15 Pro Max 256GB (Black Titanium) (Як Новий),37208,https://mygadget.ua/kak-novyy/iphone/iphone-15-pro-max-kak-novyy/b-u-apple-iphone-15-pro-max-256gb-black-titanium-mu773-kak-novyy,Б/У Apple iPhone 15 Pro Max 256Gb Black Titanium (як новий),37101
https://jabko.ua/iphone/b-u-iphone/bu-apple-iphone-15-pro-max/bu-iphone-15-pro-max-512gb-black-titanium-horoshyi-stan-nova-batareya,"б/у iPhone 15 Pro Max 512GB (Black Titanium) (Хороший стан, нова батарея)",38335,https://mygadget.ua/b-us/b-u-iphone/b-u-iphone-15-pro-max/b-u-apple-iphone-15-pro-max-512gb-black-titanium-mu7c3-idealnoe-sostoyanie,Б/У Apple iPhone 15 Pro Max 512Gb Black Titanium,38460
https://jabko.ua/iphone/b-u-iphone/bu-apple-iphone-15-pro-max/bu-iphone-15-pro-max-512gb-black-titanium-idealnyi-stan-nova-batareya,б/у iPhone 15 Pro Max 512GB (Black Titanium) (Як Новий),39914,https://mygadget.ua/kak-novyy/iphone/iphone-15-pro-max-kak-novyy/b-u-apple-iphone-15-pro-max-512gb-black-titanium-mu7c3-kak-novyy,Б/У Apple iPhone 15 Pro Max 512Gb Black Titanium (як новий),39819
https://jabko.ua/iphone/b-u-iphone/bu-apple-iphone-15-pro-max/bu-iphone-15-pro-max-256gb-black-titanium-horoshyi-stan-nova-batareya-e-sim,"б/у iPhone 15 Pro Max 256GB (Black Titanium) (Хороший стан, нова батарея) (e-Sim)",32923,https://mygadget.ua/b-us/b-u-iphone/b-u-iphone-15-pro-max/b-u-apple-iphone-15-pro-max-256gb-black-titanium-esim-idealnoe-sostoyanie,Б/У Apple iPhone 15 Pro Max 256Gb Black Titanium eSIM,33024
https://jabko.ua/iphone/b-u-iphone/bu-apple-iphone-15-pro-max/bu-iphone-15-pro-max-256gb-black-titanium-idealnyi-stan-nova-batareya-e-sim,б/у iPhone 15 Pro Max 256GB (Black Titanium) (Як Новий) (e-Sim),34463,https://mygadget.ua/kak-novyy/iphone/iphone-15-pro-max-kak-novyy/b-u-apple-iphone-15-pro-max-256gb-black-titanium-esim-kak-novyy,Б/У Apple iPhone 15 Pro Max 256Gb Black Titanium eSIM (як новий),34836
https://jabko.ua/iphone/b-u-iphone/bu-apple-iphone-15-pro-max/bu-iphone-15-pro-max-512gb-black-titanium-horoshyi-stan-nova-batareya-e-sim,"б/у iPhone 15 Pro Max 512GB (Black Titanium) (Хороший стан, нова батарея) (e-Sim)",35629,https://mygadget.ua/b-us/b-u-iphone/b-u-iphone-15-pro-max/b-u-apple-iphone-15-pro-max-512gb-natural-titanium-esim-idealnoe-sostoyanie,Б/У Apple iPhone 15 Pro Max 512Gb Natural Titanium eSIM,35742
https://jabko.ua/iphone/b-u-iphone/bu-apple-iphone-15-pro-max/bu-iphone-15-pro-max-512gb-black-titanium-idealnyi-stan-nova-batareya-e-sim,б/у iPhone 15 Pro Max 512GB (Black Titanium) (Як Новий) (e-Sim),37166,https://mygadget.ua/kak-novyy/iphone/iphone-15-pro-max-kak-novyy/b-u-apple-iphone-15-pro-max-512gb-black-titanium-esim-kak-novyy,Б/У Apple iPhone 15 Pro Max 512Gb Black Titanium eSIM (як новий),37554
https://jabko.ua/product/bu-iphone-16-128gb-black-horoshyi-stan-nova-batareya,"б/у iPhone 16 128GB (Black) (Хороший стан, нова батарея)",29733,,,
https://jabko.ua/product/bu-iphone-16-128gb-black-yak-novyi,б/у iPhone 16 128GB (Black) (Як Новий),31535,,,
https://jabko.ua/product/bu-iphone-16-256gb-black-horoshyi-stan-nova-batareya,"б/у iPhone 16 256GB (Black) (Хороший стан, нова батарея)",32887,,,
https://jabko.ua/product/bu-iphone-16-256gb-black-yak-novyi,б/у iPhone 16 256GB (Black) (Як Новий),34238,,,
https://jabko.ua/product/bu-iphone-16-512gb-black-horoshyi-stan-nova-batareya,"б/у iPhone 16 512GB (Black) (Хороший стан, нова батарея)",33788,,,
https://jabko.ua/product/bu-iphone-16-512gb-black-yak-novyi,б/у iPhone 16 512GB (Black) (Як Новий),35139,,,
https://jabko.ua/iphone/b-u-iphone/bu-apple-iphone-16-pro/bu-iphone-16-pro-128gb-black-titanium-horoshyi-stan-nova-batareya,"б/у iPhone 16 Pro 128GB (Black Titanium) (Хороший стан, нова батарея)",37884,https://mygadget.ua/b-us/b-u-iphone/b-u-iphone-16-pro/16-pro-dealniy-stan/b-u-apple-iphone-16-pro-128gb-black-titanium-idealnoe-sostoyanie,Б/У Apple iPhone 16 Pro 128Gb Black Titanium,38007
https://jabko.ua/iphone/b-u-iphone/bu-apple-iphone-16-pro/bu-iphone-16-pro-128gb-black-titanium-idealnyi-stan-nova-batareya,б/у iPhone 16 Pro 128GB (Black Titanium) (Як Новий),39688,https://mygadget.ua/kak-novyy/iphone/iphone-16-pro-kak-novyy/apple-iphone-16-pro-128gb-black-titanium-kak-novyy,Apple iPhone 16 Pro 128Gb Black Titanium (як новий),39819
https://jabko.ua/iphone/b-u-iphone/bu-apple-iphone-16-pro/bu-iphone-16-pro-256gb-black-titanium-horoshyi-stan-nova-batareya,"б/у iPhone 16 Pro 256GB (Black Titanium) (Хороший стан, нова батарея)",42845,https://mygadget.ua/b-us/b-u-iphone/b-u-iphone-16-pro/16-pro-dealniy-stan/b-u-apple-iphone-16-pro-256gb-black-titanium-idealnoe-sostoyanie,Б/У Apple iPhone 16 Pro 256Gb Black Titanium,42808
https://jabko.ua/iphone/b-u-iphone/bu-apple-iphone-16-pro/bu-iphone-16-pro-256gb-black-titanium-idealnyi-stan-nova-batareya,б/у iPhone 16 Pro 256GB (Black Titanium) (Як Новий),44649,https://mygadget.ua/kak-novyy/iphone/iphone-16-pro-kak-novyy/apple-iphone-16-pro-256gb-black-titanium-kak-novyy,Apple iPhone 16 Pro 256Gb Black Titanium (як новий),44620
https://jabko.ua/iphone/b-u-iphone/bu-apple-iphone-16-pro/bu-iphone-16-pro-512gb-black-titanium-horoshyi-stan-nova-batareya,"б/у iPhone 16 Pro 512GB (Black Titanium) (Хороший стан, нова батарея)",46904,https://mygadget.ua/b-us/b-u-iphone/b-u-iphone-16-pro/16-pro-dealniy-stan/b-u-apple-iphone-16-pro-512gb-black-titanium-idealnoe-sostoyanie,Б/У Apple iPhone 16 Pro 512Gb Black Titanium,46885
https://jabko.ua/iphone/b-u-iphone/bu-apple-iphone-16-pro/bu-iphone-16-pro-512gb-black-titanium-idealnyi-stan-nova-batareya,б/у iPhone 16 Pro 512GB (Black Titanium) (Як Новий),48708,https://mygadget.ua/kak-novyy/iphone/iphone-16-pro-kak-novyy/apple-iphone-16-pro-512gb-black-titanium-kak-novyy,Apple iPhone 16 Pro 512Gb Black Titanium (як новий),48697
https://jabko.ua/iphone/b-u-iphone/bu-apple-iphone-16-pro/bu-iphone-16-pro-1tb-black-titanium-horoshyi-stan-nova-batareya,"б/у iPhone 16 Pro 1TB (Black Titanium) (Хороший стан, нова батарея)",48257,https://mygadget.ua/b-us/b-u-iphone/b-u-iphone-16-pro/16-pro-dealniy-stan/b-u-apple-iphone-16-pro-1tb-black-titanium-idealnoe-sostoyanie,Б/У Apple iPhone 16 Pro 1Tb Black Titanium,50691
https://jabko.ua/iphone/b-u-iphone/bu-apple-iphone-16-pro/bu-iphone-16-pro-1tb-black-titanium-idealnyi-stan-nova-batareya,б/у iPhone 16 Pro 1TB (Black Titanium) (Як Новий),50061,https://mygadget.ua/kak-novyy/iphone/iphone-16-pro-kak-novyy/apple-iphone-16-pro-1tb-black-titanium-kak-novyy,Apple iPhone 16 Pro 1Tb Black Titanium (як новий),50691
https://jabko.ua/product/bu-iphone-16-pro-128gb-black-titanium-horoshyi-stan-nova-batareya-e-sim,"б/у iPhone 16 Pro 128GB (Black Titanium) (Хороший стан, нова батарея) (e-Sim)",35629,https://mygadget.ua/b-us/b-u-iphone/b-u-iphone-16-pro/16-pro-dealniy-stan/b-u-apple-iphone-16-pro-128gb-black-titanium-esim-idealnoe-sostoyanie,Б/У Apple iPhone 16 Pro 128Gb Black Titanium eSIM,35742
https://jabko.ua/product/bu-iphone-16-pro-128gb-black-titanium-idealnyi-stan-nova-batareya-e-sim,б/у iPhone 16 Pro 128GB (Black Titanium) (Як Новий) (e-Sim),37433,https://mygadget.ua/kak-novyy/iphone/iphone-16-pro-kak-novyy/apple-iphone-16-pro-128gb-black-titanium-esim-kak-novyy,Apple iPhone 16 Pro 128Gb Black Titanium eSIM (як новий),38007
https://jabko.ua/product/bu-iphone-16-pro-256gb-black-titanium-horoshyi-stan-nova-batareya-e-sim,"б/у iPhone 16 Pro 256GB (Black Titanium) (Хороший стан, нова батарея) (e-Sim)",39688,https://mygadget.ua/b-us/b-u-iphone/b-u-iphone-16-pro/16-pro-dealniy-stan/b-u-apple-iphone-16-pro-256gb-black-titanium-esim-idealnoe-sostoyanie,Б/У Apple iPhone 16 Pro 256Gb Black Titanium eSIM,39184
https://jabko.ua/product/bu-iphone-16-pro-256gb-black-titanium-idealnyi-stan-nova-batareya-e-sim,б/у iPhone 16 Pro 256GB (Black Titanium) (Як Новий) (e-Sim),41492,https://mygadget.ua/kak-novyy/iphone/iphone-16-pro-kak-novyy/apple-iphone-16-pro-256gb-black-titanium-esim-kak-novyy,Apple iPhone 16 Pro 256Gb Black Titanium eSIM (як новий),41449
https://jabko.ua/product/bu-iphone-16-pro-512gb-black-titanium-horoshyi-stan-nova-batareya-e-sim,"б/у iPhone 16 Pro 512GB (Black Titanium) (Хороший стан, нова батарея) (e-Sim)",41943,https://mygadget.ua/b-us/b-u-iphone/b-u-iphone-16-pro/16-pro-dealniy-stan/b-u-apple-iphone-16-pro-512gb-black-titanium-esim-idealnoe-sostoyanie,Б/У Apple iPhone 16 Pro 512Gb Black Titanium eSIM,42084
https://jabko.ua/product/bu-iphone-16-pro-512gb-black-titanium-idealnyi-stan-nova-batareya-e-sim,б/у iPhone 16 Pro 512GB (Black Titanium) (Як Новий) (e-Sim),43747,https://mygadget.ua/kak-novyy/iphone/iphone-16-pro-kak-novyy/apple-iphone-16-pro-512gb-black-titanium-esim-kak-novyy,Apple iPhone 16 Pro 512Gb Black Titanium eSIM (як новий),43714
https://jabko.ua/product/bu-iphone-16-pro-1tb-black-titanium-horoshyi-stan-nova-batareya-e-sim,"б/у iPhone 16 Pro 1TB (Black Titanium) (Хороший стан, нова батарея) (e-Sim)",42798,,,
https://jabko.ua/product/bu-iphone-16-pro-1tb-black-titanium-idealnyi-stan-nova-batareya-e-sim,б/у iPhone 16 Pro 1TB (Black Titanium) (Як Новий) (e-Sim),44649,https://mygadget.ua/kak-novyy/iphone/iphone-16-pro-kak-novyy/apple-iphone-16-pro-1tb-black-titanium-esim-kak-novyy,Apple iPhone 16 Pro 1Tb Black Titanium eSIM (як новий),45255
https://jabko.ua/iphone/b-u-iphone/bu-apple-iphone-16-pro-max/bu-iphone-16-pro-max-256gb-black-titanium-horoshyi-stan-nova-batareya,"б/у iPhone 16 Pro Max 256GB (Black Titanium) (Хороший стан, нова батарея)",44600,,,
https://jabko.ua/iphone/b-u-iphone/bu-apple-iphone-16-pro-max/bu-iphone-16-pro-max-256gb-black-titanium-idealnyi-stan-nova-batareya,б/у iPhone 16 Pro Max 256GB (Black Titanium) (Як Новий),46402,,,
https://jabko.ua/iphone/b-u-iphone/bu-apple-iphone-16-pro-max/bu-iphone-16-pro-max-512gb-black-titanium-horoshyi-stan-nova-batareya,"б/у iPhone 16 Pro Max 512GB (Black Titanium) (Хороший стан, нова батарея)",47753,,,
https://jabko.ua/iphone/b-u-iphone/bu-apple-iphone-16-pro-max/bu-iphone-16-pro-max-512gb-black-titanium-idealnyi-stan-nova-batareya,б/у iPhone 16 Pro Max 512GB (Black Titanium) (Як Новий),49555,,,
https://jabko.ua/iphone/b-u-iphone/bu-apple-iphone-16-pro-max/bu-iphone-16-pro-max-1tb-black-titanium-horoshyi-stan-nova-batareya,"б/у iPhone 16 Pro Max 1TB (Black Titanium) (Хороший стан, нова батарея)",49555,,,
https://jabko.ua/iphone/b-u-iphone/bu-apple-iphone-16-pro-max/bu-iphone-16-pro-max-1tb-black-titanium-idealnyi-stan-nova-batareya,б/у iPhone 16 Pro Max 1TB (Black Titanium) (Як Новий),51357,,,
https://jabko.ua/product/bu-iphone-16-pro-max-256gb-black-titanium-horoshyi-stan-nova-batareya-e-sim,"б/у iPhone 16 Pro Max 256GB (Black Titanium) (Хороший стан, нова батарея) (e-Sim)",42347,,,
https://jabko.ua/product/bu-iphone-16-pro-max-256gb-black-titanium-idealnyi-stan-nova-batareya-e-sim,б/у iPhone 16 Pro Max 256GB (Black Titanium) (Як Новий) (e-Sim),44149,,,
https://jabko.ua/product/bu-iphone-16-pro-max-512gb-black-titanium-horoshyi-stan-nova-batareya-e-sim,"б/у iPhone 16 Pro Max 512GB (Black Titanium) (Хороший стан, нова батарея) (e-Sim)",45951,,,
https://jabko.ua/product/bu-iphone-16-pro-max-512gb-black-titanium-idealnyi-stan-nova-batareya-e-sim,б/у iPhone 16 Pro Max 512GB (Black Titanium) (Як Новий) (e-Sim),47753,,,
https://jabko.ua/iphone/b-u-iphone/bu-apple-iphone-16-pro-max/bu-iphone-16-pro-max-1tb-black-titanium-horoshyi-stan-nova-batareya-e-sim,"б/у iPhone 16 Pro Max 1TB (Black Titanium) (Хороший стан, нова батарея) (e-Sim)",48204,,,
https://jabko.ua/iphone/b-u-iphone/bu-apple-iphone-16-pro-max/bu-iphone-16-pro-max-1tb-black-titanium-idealnyi-stan-nova-batareya-e-sim,б/у iPhone 16 Pro Max 1TB (Black Titanium) (Як Новий) (e-Sim),50006,,,
https://jabko.ua/iphone/apple-iphone-13/apple-iphone-13-128gb--blue-,Apple iPhone 13 128GB (Blue),23799,https://mygadget.ua/iphones/iphone-13/iphone-13-128gb-blue,Apple iPhone 13 128Gb Blue (MLPK3) UA,22999
https://jabko.ua/iphone/apple-iphone-13/apple-iphone-13-128gb--green-,Apple iPhone 13 128GB (Green),22449,https://mygadget.ua/iphones/iphone-13/iphone-13-128gb-green,Apple iPhone 13 128Gb Green (MNGK3) UA,22999
https://jabko.ua/iphone/apple-iphone-13/apple-iphone-13-128gb-midnight,Apple iPhone 13 128GB (Midnight),24499,https://mygadget.ua/iphones/iphone-13/iphone-13-128gb-midnight,Apple iPhone 13 128Gb Midnight (MLPF3) UA,22999
https://jabko.ua/iphone/apple-iphone-13/apple-iphone-13-128gb--pink-,Apple iPhone 13 128GB (Pink),24799,https://mygadget.ua/iphones/iphone-13/iphone-13-128gb-pink,Apple iPhone 13 128Gb Pink (MLPH3) UA,22999
https://jabko.ua/iphone/apple-iphone-13/apple-iphone-13-128gb--product-red-,Apple iPhone 13 128GB (PRODUCT)RED,21449,https://mygadget.ua/iphones/iphone-13/apple-iphone-13-128gb-red-mlpj3,Apple iPhone 13 128Gb Red (MLPJ3),23399
https://jabko.ua/iphone/apple-iphone-13/apple-iphone-13-128gb--starlight-,Apple iPhone 13 128GB (Starlight),24499,https://mygadget.ua/iphones/iphone-13/iphone-13-128gb-starlight,Apple iPhone 13 128Gb Starlight (MLPG3) UA,22999
https://jabko.ua/iphone/apple-iphone-13/apple-iphone-13-256gb--blue-,Apple iPhone 13 256GB (Blue),28699,https://mygadget.ua/iphones/iphone-13/apple-iphone-13-256gb-blue-mlqa3,Apple iPhone 13 256Gb Blue (MLQA3),28999
https://jabko.ua/iphone/apple-iphone-13/apple-iphone-13-256gb--green-,Apple iPhone 13 256GB (Green),28999,https://mygadget.ua/iphones/iphone-13/apple-iphone-13-256gb-green-mngl3,Apple iPhone 13 256Gb Green (MNGL3),28999
https://jabko.ua/iphone/apple-iphone-13/apple-iphone-13-256gb--black-,Apple iPhone 13 256GB (Midnight),28999,https://mygadget.ua/iphones/iphone-13/apple-iphone-13-256gb-midnight-mlq63,Apple iPhone 13 256Gb Midnight (MLQ63),28999
https://jabko.ua/iphone/apple-iphone-13/apple-iphone-13-256gb--pink-,Apple iPhone 13 256GB (Pink),29999,https://mygadget.ua/iphones/iphone-13/apple-iphone-13-256gb-pink-mlq83,Apple iPhone 13 256Gb Pink (MLQ83),29999
https://jabko.ua/iphone/apple-iphone-13/apple-iphone-13-256gb--product-red,Apple iPhone 13 256GB (PRODUCT)RED,,https://mygadget.ua/iphones/iphone-13/apple-iphone-13-256gb-red-mlq93,Apple iPhone 13 256Gb Red (MLQ93),29999
https://jabko.ua/iphone/apple-iphone-13/apple-iphone-13-256gb--starlight-,Apple iPhone 13 256GB (Starlight),29799,https://mygadget.ua/iphones/iphone-13/apple-iphone-13-256gb-starlight-mlq73,Apple iPhone 13 256Gb Starlight (MLQ73),29999
https://jabko.ua/iphone/apple-iphone-13/apple-iphone-13-512gb--blue-,Apple iPhone 13 512GB (Blue),,https://mygadget.ua/iphones/iphone-13/apple-iphone-13-512gb-blue-mlqg3,Apple iPhone 13 512Gb Blue (MLQG3),31099
https://jabko.ua/iphone/apple-iphone-13/apple-iphone-13-512gb--green-,Apple iPhone 13 512GB (Green),35799,https://mygadget.ua/iphones/iphone-13/iphone-13-512gb-green,Apple iPhone 13 512Gb Green (MNGF3) UA,34999
https://jabko.ua/iphone/apple-iphone-13/apple-iphone-13-512gb--black-,Apple iPhone 13 512GB (Midnight),28099,https://mygadget.ua/iphones/iphone-13/apple-iphone-13-512gb-midnight-mlqc3,Apple iPhone 13 512Gb Midnight (MLQC3),31499
https://jabko.ua/iphone/apple-iphone-13/apple-iphone-13-512gb--pink-,Apple iPhone 13 512GB (Pink),31599,https://mygadget.ua/iphones/iphone-13/apple-iphone-13-512gb-pink-mlqe3,Apple iPhone 13 512Gb Pink (MLQE3),31499
https://jabko.ua/iphone/apple-iphone-13/apple-iphone-13-512gb--product-red,Apple iPhone 13 512GB (PRODUCT)RED,27499,https://mygadget.ua/iphones/iphone-13/apple-iphone-13-512gb-red-mlqf3,Apple iPhone 13 512Gb Red (MLQF3),30999
https://jabko.ua/iphone/apple-iphone-13/apple-iphone-13-512gb--starlight-,Apple iPhone 13 512GB (Starlight),31199,https://mygadget.ua/iphones/iphone-13/apple-iphone-13-512gb-starlight-mlqd3,Apple iPhone 13 512Gb Starlight (MLQD3),31099
https://jabko.ua/iphone/apple-iphone-15-/apple-iphone-15-128gb--black-,Apple iPhone 15 128GB (Black),29299,https://mygadget.ua/iphones/iphone-15/iphone-15-ua/apple-iphone-15-128gb-black-mtp03,Apple iPhone 15 128Gb Black (MTP03),29989
https://jabko.ua/iphone/apple-iphone-15-/apple-iphone-15-128gb--green-,Apple iPhone 15 128GB (Green),30799,https://mygadget.ua/iphones/iphone-15/iphone-15-ua/apple-iphone-15-128gb-green-mtp53,Apple iPhone 15 128Gb Green (MTP53),30789
https://jabko.ua/iphone/apple-iphone-15-/apple-iphone-15-128gb--yellow-,Apple iPhone 15 128GB (Yellow),29299,https://mygadget.ua/iphones/iphone-15/iphone-15-ua/apple-iphone-15-128gb-yellow-mtp23,Apple iPhone 15 128Gb Yellow (MTP23),29989
https://jabko.ua/iphone/apple-iphone-15-/apple-iphone-15-128gb--pink-,Apple iPhone 15 128GB (Pink),29399,https://mygadget.ua/iphones/iphone-15/iphone-15-ua/apple-iphone-15-128gb-pink-mtp13,Apple iPhone 15 128Gb Pink (MTP13),29989
https://jabko.ua/iphone/apple-iphone-15-/apple-iphone-15-128gb--blue-,Apple iPhone 15 128GB (Blue),29299,https://mygadget.ua/iphones/iphone-15/iphone-15-ua/apple-iphone-15-128gb-blue-mtp43,Apple iPhone 15 128Gb Blue (MTP43),29989
https://jabko.ua/iphone/apple-iphone-15-/apple-iphone-15-256gb-black,Apple iPhone 15 256GB (Black),34999,https://mygadget.ua/iphones/iphone-15/iphone-15-ua/apple-iphone-15-256gb-black-mtp63,Apple iPhone 15 256Gb Black (MTP63),34089
https://jabko.ua/iphone/apple-iphone-15-/apple-iphone-15-256gb-green,Apple iPhone 15 256GB (Green),36899,https://mygadget.ua/iphones/iphone-15/iphone-15-ua/apple-iphone-15-256gb-green-mtpa3,Apple iPhone 15 256Gb Green (MTPA3),36889
https://jabko.ua/iphone/apple-iphone-15-/apple-iphone-15-256gb-yellow,Apple iPhone 15 256GB (Yellow),38299,https://mygadget.ua/iphones/iphone-15/iphone-15-ua/apple-iphone-15-256gb-yellow-mtp83,Apple iPhone 15 256Gb Yellow (MTP83),38289
https://jabko.ua/iphone/apple-iphone-15-/apple-iphone-15-256gb--pink-,Apple iPhone 15 256GB (Pink),35499,https://mygadget.ua/iphones/iphone-15/iphone-15-ua/apple-iphone-15-256gb-pink-mtp73,Apple iPhone 15 256Gb Pink (MTP73),35489
https://jabko.ua/iphone/apple-iphone-15-/apple-iphone-15-256gb--blue-,Apple iPhone 15 256GB (Blue),34999,https://mygadget.ua/iphones/iphone-15/iphone-15-ua/apple-iphone-15-256gb-blue-mtp93,Apple iPhone 15 256Gb Blue (MTP93),34899
https://jabko.ua/iphone/apple-iphone-15-/apple-iphone-15-512gb-black,Apple iPhone 15 512GB (Black),48299,https://mygadget.ua/iphones/iphone-15/iphone-15-ua/apple-iphone-15-512gb-black-mtpc3,Apple iPhone 15 512Gb Black (MTPC3),48289
https://jabko.ua/iphone/apple-iphone-15-/apple-iphone-15-512gb-green,Apple iPhone 15 512GB (Green),52299,https://mygadget.ua/iphones/iphone-15/iphone-15-global/apple-iphone-15-512gb-green,Apple iPhone 15 512Gb Green (MTPH3) UA,49399
https://jabko.ua/iphone/apple-iphone-15-/apple-iphone-15-512gb-yellow,Apple iPhone 15 512GB (Yellow),49899,https://mygadget.ua/iphones/iphone-15/iphone-15-global/apple-iphone-15-512gb-yellow,Apple iPhone 15 512Gb Yellow (MTPF3) UA,49399
https://jabko.ua/iphone/apple-iphone-15-/apple-iphone-15-512gb--pink-,Apple iPhone 15 512GB (Pink),55299,https://mygadget.ua/iphones/iphone-15/iphone-15-global/apple-iphone-15-512gb-pink,Apple iPhone 15 512Gb Pink (MTPD3) UA,49399
https://jabko.ua/iphone/apple-iphone-15-/apple-iphone-15-512gb--blue-,Apple iPhone 15 512GB (Blue),51299,https://mygadget.ua/iphones/iphone-15/iphone-15-global/apple-iphone-15-512gb-blue,Apple iPhone 15 512Gb Blue (MTPG3) UA,49399
https://jabko.ua/iphone/apple-iphone-16/apple-iphone-16-128gb-black,Apple iPhone 16 128GB (Black),33699,https://mygadget.ua/iphones/iphone-16/apple-iphone-16-128gb-black-mye73,Apple iPhone 16 128Gb Black (MYE73),33599
https://jabko.ua/iphone/apple-iphone-16/apple-iphone-16-128gb-white,Apple iPhone 16 128GB (White),33699,https://mygadget.ua/iphones/iphone-16/apple-iphone-16-128gb-white-mye93,Apple iPhone 16 128Gb White (MYE93),33599
https://jabko.ua/iphone/apple-iphone-16/apple-iphone-16-128gb-ultramarine,Apple iPhone 16 128GB (Ultramarine),33799,https://mygadget.ua/iphones/iphone-16/apple-iphone-16-128gb-ultramarine-myec3,Apple iPhone 16 128Gb Ultramarine (MYEC3),33699
https://jabko.ua/iphone/apple-iphone-16/apple-iphone-16-128gb-pink,Apple iPhone 16 128GB (Pink),33599,https://mygadget.ua/iphones/iphone-16/apple-iphone-16-128gb-pink-myea3-1,Apple iPhone 16 128Gb Pink (MYEA3),33499
https://jabko.ua/iphone/apple-iphone-16/apple-iphone-16-128gb-teal,Apple iPhone 16 128GB (Teal),33599,https://mygadget.ua/iphones/iphone-16/apple-iphone-16-128gb-teal-myed3,Apple iPhone 16 128Gb Teal (MYED3),33899
https://jabko.ua/iphone/apple-iphone-16/apple-iphone-16-256gb-black,Apple iPhone 16 256GB (Black),39199,https://mygadget.ua/iphones/iphone-16/apple-iphone-16-256gb-black-myee3,Apple iPhone 16 256Gb Black (MYEE3),39989
https://jabko.ua/iphone/apple-iphone-16/apple-iphone-16-256gb-white,Apple iPhone 16 256GB (White),39599,https://mygadget.ua/iphones/iphone-16/apple-iphone-16-256gb-white-myef3,Apple iPhone 16 256Gb White (MYEF3),39989
https://jabko.ua/iphone/apple-iphone-16/apple-iphone-16-256gb-ultramarine,Apple iPhone 16 256GB (Ultramarine),38899,https://mygadget.ua/iphones/iphone-16/apple-iphone-16-256gb-ultramarine-myeh3,Apple iPhone 16 256Gb Ultramarine (MYEH3),39989
https://jabko.ua/iphone/apple-iphone-16/apple-iphone-16-256gb-pink,Apple iPhone 16 256GB (Pink),39099,https://mygadget.ua/iphones/iphone-16/apple-iphone-16-256gb-pink-myeg3,Apple iPhone 16 256Gb Pink (MYEG3),39989
https://jabko.ua/iphone/apple-iphone-16/apple-iphone-16-256gb-teal,Apple iPhone 16 256GB (Teal),40599,https://mygadget.ua/iphones/iphone-16/apple-iphone-16-256gb-teal-myej3,Apple iPhone 16 256Gb Teal (MYEJ3),39989
https://jabko.ua/iphone/apple-iphone-16/apple-iphone-16-512gb-black,Apple iPhone 16 512GB (Black),54299,https://mygadget.ua/iphones/iphone-16/apple-iphone-16-512gb-black-myek3-1,Apple iPhone 16 512Gb Black (MYEK3),54289
https://jabko.ua/iphone/apple-iphone-16/apple-iphone-16-512gb-white,Apple iPhone 16 512GB (White),54299,https://mygadget.ua/iphones/iphone-16/apple-iphone-16-512gb-white-myep3,Apple iPhone 16 512Gb White (MYEP3),54289
https://jabko.ua/iphone/apple-iphone-16/apple-iphone-16-512gb-ultramarine,Apple iPhone 16 512GB (Ultramarine),54299,https://mygadget.ua/iphones/iphone-16/apple-iphone-16-512gb-ultramarine-myer3,Apple iPhone 16 512Gb Ultramarine (MYER3),54289
https://jabko.ua/iphone/apple-iphone-16/apple-iphone-16-512gb-pink,Apple iPhone 16 512GB (Pink),54299,https://mygadget.ua/iphones/iphone-16/apple-iphone-16-512gb-pink-myeq3-1,Apple iPhone 16 512Gb Pink (MYEQ3),54289
https://jabko.ua/iphone/apple-iphone-16/apple-iphone-16-512gb-teal,Apple iPhone 16 512GB (Teal),54299,https://mygadget.ua/iphones/iphone-16/apple-iphone-16-512gb-teal-myeu3,Apple iPhone 16 512Gb Teal (MYEU3),54289
https://jabko.ua/iphone/apple-iphone-16/apple-iphone-16-128gb-black-e-sim,Apple iPhone 16 128GB (Black) (e-Sim),30199,https://mygadget.ua/iphones/iphone-16/apple-iphone-16-128gb-black-mye73,Apple iPhone 16 128Gb Black (MYE73),33599
https://jabko.ua/iphone/apple-iphone-16/apple-iphone-16-128gb-pink-e-sim,Apple iPhone 16 128GB (Pink) (e-Sim),32599,https://mygadget.ua/iphones/iphone-16/apple-iphone-16-128gb-pink-myea3-1,Apple iPhone 16 128Gb Pink (MYEA3),33499
https://jabko.ua/iphone/apple-iphone-16/apple-iphone-16-128gb-teal-e-sim,Apple iPhone 16 128GB (Teal) (e-Sim),32599,https://mygadget.ua/iphones/iphone-16/apple-iphone-16-128gb-teal-myed3,Apple iPhone 16 128Gb Teal (MYED3),33899
https://jabko.ua/iphone/apple-iphone-16/apple-iphone-16-128gb-ultramarine-e-sim,Apple iPhone 16 128GB (Ultramarine) (e-Sim),32399,https://mygadget.ua/iphones/iphone-16/apple-iphone-16-128gb-ultramarine-myec3,Apple iPhone 16 128Gb Ultramarine (MYEC3),33699
https://jabko.ua/iphone/apple-iphone-16/apple-iphone-16-128gb-white-e-sim,Apple iPhone 16 128GB (White) (e-Sim),32599,https://mygadget.ua/iphones/iphone-16/apple-iphone-16-128gb-white-mye93,Apple iPhone 16 128Gb White (MYE93),33599
https://jabko.ua/iphone/apple-iphone-16/apple-iphone-16-256gb-black-e-sim,Apple iPhone 16 256GB (Black) (e-Sim),39499,https://mygadget.ua/iphones/iphone-16/apple-iphone-16-256gb-black-myee3,Apple iPhone 16 256Gb Black (MYEE3),39989
https://jabko.ua/iphone/apple-iphone-16/apple-iphone-16-256gb-pink-e-sim,Apple iPhone 16 256GB (Pink) (e-Sim),39499,https://mygadget.ua/iphones/iphone-16/apple-iphone-16-256gb-pink-myeg3,Apple iPhone 16 256Gb Pink (MYEG3),39989
https://jabko.ua/iphone/apple-iphone-16/apple-iphone-16-256gb-teal-e-sim,Apple iPhone 16 256GB (Teal) (e-Sim),39499,https://mygadget.ua/iphones/iphone-16/apple-iphone-16-256gb-teal-myej3,Apple iPhone 16 256Gb Teal (MYEJ3),39989
https://jabko.ua/iphone/apple-iphone-16/apple-iphone-16-256gb-ultramarine-e-sim,Apple iPhone 16 256GB (Ultramarine) (e-Sim),39499,https://mygadget.ua/iphones/iphone-16/apple-iphone-16-256gb-ultramarine-myeh3,Apple iPhone 16 256Gb Ultramarine (MYEH3),39989
https://jabko.ua/iphone/apple-iphone-16/apple-iphone-16-256gb-white-e-sim,Apple iPhone 16 256GB (White) (e-Sim),39499,https://mygadget.ua/iphones/iphone-16/apple-iphone-16-256gb-white-myef3,Apple iPhone 16 256Gb White (MYEF3),39989
https://jabko.ua/iphone/apple-iphone-16/apple-iphone-16-512gb-black-e-sim,Apple iPhone 16 512GB (Black) (e-Sim),47299,https://mygadget.ua/iphones/iphone-16/apple-iphone-16-512gb-black-myek3-1,Apple iPhone 16 512Gb Black (MYEK3),54289
https://jabko.ua/iphone/apple-iphone-16/apple-iphone-16-512gb-pink-e-sim,Apple iPhone 16 512GB (Pink) (e-Sim),48499,https://mygadget.ua/iphones/iphone-16/apple-iphone-16-512gb-pink-myeq3-1,Apple iPhone 16 512Gb Pink (MYEQ3),54289
https://jabko.ua/iphone/apple-iphone-16/apple-iphone-16-512gb-teal-e-sim,Apple iPhone 16 512GB (Teal) (e-Sim),47299,https://mygadget.ua/iphones/iphone-16/apple-iphone-16-512gb-teal-myeu3,Apple iPhone 16 512Gb Teal (MYEU3),54289
https://jabko.ua/iphone/apple-iphone-16/apple-iphone-16-512gb-ultramarine-e-sim,Apple iPhone 16 512GB (Ultramarine) (e-Sim),50199,https://mygadget.ua/iphones/iphone-16/apple-iphone-16-512gb-ultramarine-myer3,Apple iPhone 16 512Gb Ultramarine (MYER3),54289
https://jabko.ua/iphone/apple-iphone-16/apple-iphone-16-512gb-white-e-sim,Apple iPhone 16 512GB (White) (e-Sim),49499,https://mygadget.ua/iphones/iphone-16/apple-iphone-16-512gb-white-myep3,Apple iPhone 16 512Gb White (MYEP3),54289
https://jabko.ua/iphone/apple-iphone-16-plus/apple-iphone-16-plus-128gb-black,Apple iPhone 16 Plus 128GB (Black),38499,https://mygadget.ua/iphones/iphone-16-plus/apple-iphone-16-plus-128gb-black-mxvu3-1,Apple iPhone 16 Plus 128Gb Black (MXVU3),38399
https://jabko.ua/iphone/apple-iphone-16-plus/apple-iphone-16-plus-128gb-white,Apple iPhone 16 Plus 128GB (White),38499,https://mygadget.ua/iphones/iphone-16-plus/apple-iphone-16-plus-128gb-white-mxvv3-1,Apple iPhone 16 Plus 128Gb White (MXVV3),38399
https://jabko.ua/iphone/apple-iphone-16-plus/apple-iphone-16-plus-128gb-teal,Apple iPhone 16 Plus 128GB (Teal),40599,https://mygadget.ua/iphones/iphone-16-plus/apple-iphone-16-plus-128gb-teal-mxvy3-1,Apple iPhone 16 Plus 128Gb Teal (MXVY3),40499
https://jabko.ua/iphone/apple-iphone-16-plus/apple-iphone-16-plus-128gb-pink,Apple iPhone 16 Plus 128GB (Pink),38199,https://mygadget.ua/iphones/iphone-16-plus/apple-iphone-16-plus-128gb-pink-mxvw3-1,Apple iPhone 16 Plus 128Gb Pink (MXVW3),38099
https://jabko.ua/iphone/apple-iphone-16-plus/apple-iphone-16-plus-128gb-ultramarine,Apple iPhone 16 Plus 128GB (Ultramarine),38499,https://mygadget.ua/iphones/iphone-16-plus/apple-iphone-16-plus-128gb-ultramarine-mxvx3-1,Apple iPhone 16 Plus 128Gb Ultramarine (MXVX3),38399
https://jabko.ua/iphone/apple-iphone-16-plus/apple-iphone-16-plus-256gb-black,Apple iPhone 16 Plus 256GB (Black),47599,https://mygadget.ua/iphones/iphone-16-plus/apple-iphone-16-plus-256gb-black-mxwn3,Apple iPhone 16 Plus 256Gb Black (MXWN3),47499
https://jabko.ua/iphone/apple-iphone-16-plus/apple-iphone-16-plus-256gb-white,Apple iPhone 16 Plus 256GB (White),47999,https://mygadget.ua/iphones/iphone-16-plus/apple-iphone-16-plus-256gb-white-mxwv3,Apple iPhone 16 Plus 256Gb White (MXWV3),47899
https://jabko.ua/iphone/apple-iphone-16-plus/apple-iphone-16-plus-256gb-teal,Apple iPhone 16 Plus 256GB (Teal),46999,https://mygadget.ua/iphones/iphone-16-plus/apple-iphone-16-plus-256gb-teal-mxy53,Apple iPhone 16 Plus 256Gb Teal (MXY53),46899
https://jabko.ua/iphone/apple-iphone-16-plus/apple-iphone-16-plus-256gb-pink,Apple iPhone 16 Plus 256GB (Pink),47199,https://mygadget.ua/iphones/iphone-16-plus/apple-iphone-16-plus-256gb-pink-mxy13,Apple iPhone 16 Plus 256Gb Pink (MXY13),47099
https://jabko.ua/iphone/apple-iphone-16-plus/apple-iphone-16-plus-256gb-ultramarine,Apple iPhone 16 Plus 256GB (Ultramarine),48199,https://mygadget.ua/iphones/iphone-16-plus/apple-iphone-16-plus-256gb-ultramarine-mxy23-1,Apple iPhone 16 Plus 256Gb Ultramarine (MXY23),48099
https://jabko.ua/iphone/apple-iphone-16-plus/apple-iphone-16-plus-512gb-black,Apple iPhone 16 Plus 512GB (Black),58699,https://mygadget.ua/iphones/iphone-16-plus/apple-iphone-16-plus-512gb-black-my1p3-1,Apple iPhone 16 Plus 512Gb Black (MY1P3),58689
https://jabko.ua/iphone/apple-iphone-16-plus/apple-iphone-16-plus-512gb-pink,Apple iPhone 16 Plus 512GB (Pink),55499,https://mygadget.ua/iphones/iphone-16-plus/apple-iphone-16-plus-512gb-pink-my253-1,Apple iPhone 16 Plus 512Gb Pink (MY253),55489
https://jabko.ua/iphone/apple-iphone-16-plus/apple-iphone-16-plus-512gb-teal,Apple iPhone 16 Plus 512GB (Teal),55499,https://mygadget.ua/iphones/iphone-16-plus/apple-iphone-16-plus-512gb-teal-my2j3-1,Apple iPhone 16 Plus 512Gb Teal (MY2J3),55489
https://jabko.ua/iphone/apple-iphone-16-plus/apple-iphone-16-plus-512gb-ultramarine,Apple iPhone 16 Plus 512GB (Ultramarine),55499,https://mygadget.ua/iphones/iphone-16-plus/apple-iphone-16-plus-512gb-ultramarine-my2d3-1,Apple iPhone 16 Plus 512Gb Ultramarine (MY2D3),55489
https://jabko.ua/iphone/apple-iphone-16-plus/apple-iphone-16-plus-512gb-white,Apple iPhone 16 Plus 512GB (White),55499,https://mygadget.ua/iphones/iphone-16-plus/apple-iphone-16-plus-512gb-white-my1x3-1,Apple iPhone 16 Plus 512Gb White (MY1X3),55489
https://jabko.ua/iphone/apple-iphone-16-plus/apple-iphone-16-plus-128gb-black-e-sim,Apple iPhone 16 Plus 128GB (Black) (e-Sim),38399,https://mygadget.ua/iphones/iphone-16-plus/apple-iphone-16-plus-128gb-black-mxvu3-1,Apple iPhone 16 Plus 128Gb Black (MXVU3),38399
https://jabko.ua/iphone/apple-iphone-16-plus/apple-iphone-16-plus-128gb-pink-e-sim,Apple iPhone 16 Plus 128GB (Pink) (e-Sim),38999,https://mygadget.ua/iphones/iphone-16-plus/apple-iphone-16-plus-128gb-pink-mxvw3-1,Apple iPhone 16 Plus 128Gb Pink (MXVW3),38099
https://jabko.ua/iphone/apple-iphone-16-plus/apple-iphone-16-plus-128gb-teal-e-sim,Apple iPhone 16 Plus 128GB (Teal) (e-Sim),38999,https://mygadget.ua/iphones/iphone-16-plus/apple-iphone-16-plus-128gb-teal-mxvy3-1,Apple iPhone 16 Plus 128Gb Teal (MXVY3),40499
https://jabko.ua/iphone/apple-iphone-16-plus/apple-iphone-16-plus-128gb-ultramarine-e-sim,Apple iPhone 16 Plus 128GB (Ultramarine) (e-Sim),38799,https://mygadget.ua/iphones/iphone-16-plus/apple-iphone-16-plus-128gb-ultramarine-mxvx3-1,Apple iPhone 16 Plus 128Gb Ultramarine (MXVX3),38399
https://jabko.ua/iphone/apple-iphone-16-plus/apple-iphone-16-plus-128gb-white-e-sim,Apple iPhone 16 Plus 128GB (White) (e-Sim),38799,https://mygadget.ua/iphones/iphone-16-plus/apple-iphone-16-plus-128gb-white-mxvv3-1,Apple iPhone 16 Plus 128Gb White (MXVV3),38399
https://jabko.ua/iphone/apple-iphone-16-plus/apple-iphone-16-plus-256gb-black-e-sim,Apple iPhone 16 Plus 256GB (Black) (e-Sim),41399,https://mygadget.ua/iphones/iphone-16-plus/apple-iphone-16-plus-256gb-black-mxwn3,Apple iPhone 16 Plus 256Gb Black (MXWN3),47499
https://jabko.ua/iphone/apple-iphone-16-plus/apple-iphone-16-plus-256gb-pink-e-sim,Apple iPhone 16 Plus 256GB (Pink) (e-Sim),41899,https://mygadget.ua/iphones/iphone-16-plus/apple-iphone-16-plus-256gb-pink-mxy13,Apple iPhone 16 Plus 256Gb Pink (MXY13),47099
https://jabko.ua/iphone/apple-iphone-16-plus/apple-iphone-16-plus-256gb-teal-e-sim,Apple iPhone 16 Plus 256GB (Teal) (e-Sim),41899,https://mygadget.ua/iphones/iphone-16-plus/apple-iphone-16-plus-256gb-teal-mxy53,Apple iPhone 16 Plus 256Gb Teal (MXY53),46899
https://jabko.ua/iphone/apple-iphone-16-plus/apple-iphone-16-plus-256gb-ultramarine-e-sim,Apple iPhone 16 Plus 256GB (Ultramarine) (e-Sim),41899,https://mygadget.ua/iphones/iphone-16-plus/apple-iphone-16-plus-256gb-ultramarine-mxy23-1,Apple iPhone 16 Plus 256Gb Ultramarine (MXY23),48099
https://jabko.ua/iphone/apple-iphone-16-plus/apple-iphone-16-plus-256gb-white-e-sim,Apple iPhone 16 Plus 256GB (White) (e-Sim),41899,https://mygadget.ua/iphones/iphone-16-plus/apple-iphone-16-plus-256gb-white-mxwv3,Apple iPhone 16 Plus 256Gb White (MXWV3),47899
https://jabko.ua/iphone/apple-iphone-16-plus/apple-iphone-16-plus-512gb-black-e-sim,Apple iPhone 16 Plus 512GB (Black) (e-Sim),50099,https://mygadget.ua/iphones/iphone-16-plus/apple-iphone-16-plus-512gb-black-my1p3-1,Apple iPhone 16 Plus 512Gb Black (MY1P3),58689
https://jabko.ua/iphone/apple-iphone-16-plus/apple-iphone-16-plus-512gb-pink-e-sim,Apple iPhone 16 Plus 512GB (Pink) (e-Sim),54299,https://mygadget.ua/iphones/iphone-16-plus/apple-iphone-16-plus-512gb-pink-my253-1,Apple iPhone 16 Plus 512Gb Pink (MY253),55489
https://jabko.ua/iphone/apple-iphone-16-plus/apple-iphone-16-plus-512gb-teal-e-sim,Apple iPhone 16 Plus 512GB (Teal) (e-Sim),52999,https://mygadget.ua/iphones/iphone-16-plus/apple-iphone-16-plus-512gb-teal-my2j3-1,Apple iPhone 16 Plus 512Gb Teal (MY2J3),55489
https://jabko.ua/iphone/apple-iphone-16-plus/apple-iphone-16-plus-512gb-ultramarine-e-sim,Apple iPhone 16 Plus 512GB (Ultramarine) (e-Sim),49499,https://mygadget.ua/iphones/iphone-16-plus/apple-iphone-16-plus-512gb-ultramarine-my2d3-1,Apple iPhone 16 Plus 512Gb Ultramarine (MY2D3),55489
https://jabko.ua/iphone/apple-iphone-16-plus/apple-iphone-16-plus-512gb-white-e-sim,Apple iPhone 16 Plus 512GB (White) (e-Sim),52999,https://mygadget.ua/iphones/iphone-16-plus/apple-iphone-16-plus-512gb-white-my1x3-1,Apple iPhone 16 Plus 512Gb White (MY1X3),55489
https://jabko.ua/iphone/apple-iphone-16e/apple-iphone-16e-128gb-black,Apple iPhone 16e 128GB (Black),26299,https://mygadget.ua/iphones/iphone-16e/apple-iphone-16e-128gb-black,Apple iPhone 16e 128Gb Black (MD1Q4),26289
https://jabko.ua/iphone/apple-iphone-16e/apple-iphone-16e-128gb-white,Apple iPhone 16e 128GB (White),25999,https://mygadget.ua/iphones/iphone-16e/apple-iphone-16e-128gb-white,Apple iPhone 16e 128Gb White (MD1R4),25989
https://jabko.ua/iphone/apple-iphone-16e/apple-iphone-16e-256gb-black,Apple iPhone 16e 256GB (Black),39399,https://mygadget.ua/iphones/iphone-16e/apple-iphone-16e-256gb-black-ua,Apple iPhone 16e 256Gb Black (MD1T4) UA,38999
https://jabko.ua/iphone/apple-iphone-16e/apple-iphone-16e-256gb-white,Apple iPhone 16e 256GB (White),35199,https://mygadget.ua/iphones/iphone-16e/apple-iphone-16e-256gb-white,Apple iPhone 16e 256Gb White (MD1W4),35189
https://jabko.ua/iphone/apple-iphone-16e/apple-iphone-16e-512gb-black,Apple iPhone 16e 512GB (Black),39499,https://mygadget.ua/iphones/iphone-16e/apple-iphone-16e-512gb-black,Apple iPhone 16e 512Gb Black (MD1X4),39489
https://jabko.ua/iphone/apple-iphone-16e/apple-iphone-16e-512gb-white,Apple iPhone 16e 512GB (White),41399,https://mygadget.ua/iphones/iphone-16e/apple-iphone-16e-512gb-white,Apple iPhone 16e 512Gb White (MD274),41389
https://jabko.ua/product/apple-iphone-17-256gb-black,Apple iPhone 17 256GB (Black),42099,https://mygadget.ua/iphones/iphone-17/apple-iphone-17-256gb-black-mg464-e-sim,Apple iPhone 17 256Gb Black (MG464) e-Sim,37989
https://jabko.ua/product/apple-iphone-17-256gb-white,Apple iPhone 17 256GB (White),42099,https://mygadget.ua/iphones/iphone-17/apple-iphone-17-256gb-white-mg474-e-sim,Apple iPhone 17 256Gb White (MG474) e-Sim,37789
https://jabko.ua/product/apple-iphone-17-256gb-green,Apple iPhone 17 256GB (Sage),42499,https://mygadget.ua/iphones/iphone-17/apple-iphone-17-256gb-green,Apple iPhone 17 256Gb Sage (MG6N4),42689
https://jabko.ua/product/apple-iphone-17-256gb-purple,Apple iPhone 17 256GB (Lavender),42399,,,
https://jabko.ua/product/apple-iphone-17-256gb-light-blue,Apple iPhone 17 256GB (Mist Blue),42499,https://mygadget.ua/iphones/iphone-17/apple-iphone-17-256gb-mist-blue-mg484-e-sim,Apple iPhone 17 256Gb Mist Blue (MG484) e-Sim,37699
https://jabko.ua/product/apple-iphone-17-512gb-black,Apple iPhone 17 512GB (Black),55399,https://mygadget.ua/iphones/iphone-17/apple-iphone-17-512gb-black-mg4e4-e-sim,Apple iPhone 17 512Gb Black (MG4E4) e-Sim,49989
https://jabko.ua/product/apple-iphone-17-512gb-white,Apple iPhone 17 512GB (White),55399,https://mygadget.ua/iphones/iphone-17/apple-iphone-17-512gb-white-mg4f4-e-sim,Apple iPhone 17 512Gb White (MG4F4) e-Sim,52589
https://jabko.ua/product/apple-iphone-17-512gb-green,Apple iPhone 17 512GB (Sage),54999,https://mygadget.ua/iphones/iphone-17/apple-iphone-17-512gb-green,Apple iPhone 17 512Gb Sage (MG6V4),54989
https://jabko.ua/product/apple-iphone-17-512gb-purple,Apple iPhone 17 512GB (Lavender),52999,,,
https://jabko.ua/product/apple-iphone-17-512gb-light-blue,Apple iPhone 17 512GB (Mist Blue),54999,https://mygadget.ua/iphones/iphone-17/apple-iphone-17-512gb-mist-blue,Apple iPhone 17 512Gb Mist Blue (MG6T4),54989
https://jabko.ua/product/apple-iphone-17-256gb-black-e-sim,Apple iPhone 17 256GB (Black) (e-Sim),37999,https://mygadget.ua/iphones/iphone-17/apple-iphone-17-256gb-black-mg464-e-sim,Apple iPhone 17 256Gb Black (MG464) e-Sim,37989
https://jabko.ua/product/apple-iphone-17-256gb-white-e-sim,Apple iPhone 17 256GB (White) (e-Sim),37799,https://mygadget.ua/iphones/iphone-17/apple-iphone-17-256gb-white-mg474-e-sim,Apple iPhone 17 256Gb White (MG474) e-Sim,37789
https://jabko.ua/product/apple-iphone-17-256gb-green-e-sim,Apple iPhone 17 256GB (Sage) (e-Sim),37799,https://mygadget.ua/iphones/iphone-17/apple-iphone-17-256gb-green,Apple iPhone 17 256Gb Sage (MG6N4),42689
https://jabko.ua/product/apple-iphone-17-256gb-purple-e-sim,Apple iPhone 17 256GB (Lavender) (e-Sim),38299,,,
https://jabko.ua/product/apple-iphone-17-256gb-light-blue-e-sim,Apple iPhone 17 256GB (Mist Blue) (e-Sim),37799,https://mygadget.ua/iphones/iphone-17/apple-iphone-17-256gb-mist-blue-mg484-e-sim,Apple iPhone 17 256Gb Mist Blue (MG484) e-Sim,37699
https://jabko.ua/product/apple-iphone-17-512gb-black-e-sim,Apple iPhone 17 512GB (Black) (e-Sim),49999,https://mygadget.ua/iphones/iphone-17/apple-iphone-17-512gb-black-mg4e4-e-sim,Apple iPhone 17 512Gb Black (MG4E4) e-Sim,49989
https://jabko.ua/product/apple-iphone-17-512gb-white-e-sim,Apple iPhone 17 512GB (White) (e-Sim),52599,https://mygadget.ua/iphones/iphone-17/apple-iphone-17-512gb-white-mg4f4-e-sim,Apple iPhone 17 512Gb White (MG4F4) e-Sim,52589
https://jabko.ua/product/apple-iphone-17-512gb-green-e-sim,Apple iPhone 17 512GB (Sage) (e-Sim),52599,https://mygadget.ua/iphones/iphone-17/apple-iphone-17-512gb-green,Apple iPhone 17 512Gb Sage (MG6V4),54989
https://jabko.ua/product/apple-iphone-17-512gb-purple-e-sim,Apple iPhone 17 512GB (Lavender) (e-Sim),52599,,,
https://jabko.ua/product/apple-iphone-17-512gb-light-blue-e-sim,Apple iPhone 17 512GB (Mist Blue) (e-Sim),55199,https://mygadget.ua/iphones/iphone-17/apple-iphone-17-512gb-mist-blue,Apple iPhone 17 512Gb Mist Blue (MG6T4),54989
https://jabko.ua/product/apple-iphone-17-air-256gb-black-e-sim,Apple iPhone 17 Air 256GB (Space Black) (e-Sim),43999,https://mygadget.ua/iphones/iphone-17-air/apple-iphone-air-256gb-space-black,Apple iPhone Air 256Gb Space Black (MG2L4),43989
https://jabko.ua/product/apple-iphone-17-air-256gb-light-blue-e-sim,Apple iPhone 17 Air 256GB (Sky Blue) (e-Sim),43999,https://mygadget.ua/iphones/iphone-17-air/apple-iphone-air-256gb-sky-blue,Apple iPhone Air 256Gb Sky Blue (MG2P4),43989
https://jabko.ua/product/apple-iphone-17-air-256gb-white-e-sim,Apple iPhone 17 Air 256GB (Cloud White) (e-Sim),43799,https://mygadget.ua/iphones/iphone-17-air/apple-iphone-air-256gb-cloud-white,Apple iPhone Air 256Gb Cloud White (MG2M4),43789
https://jabko.ua/product/apple-iphone-17-air-256gb-light-gold-e-sim,Apple iPhone 17 Air 256GB (Light Gold) (e-Sim),43799,https://mygadget.ua/iphones/iphone-17-air/apple-iphone-air-256gb-light-gold,Apple iPhone Air 256Gb Light Gold (MG2N4),43789
https://jabko.ua/product/apple-iphone-17-air-512gb-black-e-sim,Apple iPhone 17 Air 512GB (Space Black) (e-Sim),53999,https://mygadget.ua/iphones/iphone-17-air/apple-iphone-air-512gb-space-black,Apple iPhone Air 512Gb Space Black (MG2Q4),53989
https://jabko.ua/product/apple-iphone-17-air-512gb-light-blue-e-sim,Apple iPhone 17 Air 512GB (Sky Blue) (e-Sim),53999,https://mygadget.ua/iphones/iphone-17-air/apple-iphone-512gb-sky-blue,Apple iPhone Air 512Gb Sky Blue (MG2V4),53989
https://jabko.ua/product/apple-iphone-17-air-512gb-white-e-sim,Apple iPhone 17 Air 512GB (Cloud White) (e-Sim),53999,https://mygadget.ua/iphones/iphone-17-air/apple-iphone-air-512gb-cloud-white,Apple iPhone Air 512Gb Cloud White (MG2T4),53989
https://jabko.ua/product/apple-iphone-17-air-512gb-light-gold-e-sim,Apple iPhone 17 Air 512GB (Light Gold) (e-Sim),53399,https://mygadget.ua/iphones/iphone-17-air/apple-iphone-air-512gb-light-gold,Apple iPhone Air 512Gb Light Gold (MG2U4),53389
https://jabko.ua/product/apple-iphone-17-air-128gb-black-e-sim,Apple iPhone 17 Air 1TB (Space Black) (e-Sim),58499,https://mygadget.ua/iphones/iphone-17-air/apple-iphone-air-1tb-space-black,Apple iPhone Air 1Tb Space Black (MG2W4),58989
https://jabko.ua/product/apple-iphone-17-air-128gb-light-blue-e-sim,Apple iPhone 17 Air 1TB (Sky Blue) (e-Sim),58299,https://mygadget.ua/iphones/iphone-17-air/apple-iphone-1tb-sky-blue,Apple iPhone Air 1Tb Sky Blue (MG304),58489
https://jabko.ua/product/apple-iphone-17-air-128gb-white-e-sim,Apple iPhone 17 Air 1TB (Cloud White) (e-Sim),58099,https://mygadget.ua/iphones/iphone-17-air/apple-iphone-air-1tb-cloud-white,Apple iPhone Air 1Tb Cloud White (MG2X4),58089
https://jabko.ua/product/apple-iphone-17-air-128gb-light-gold-e-sim,Apple iPhone 17 Air 1TB (Light Gold) (e-Sim),58099,https://mygadget.ua/iphones/iphone-17-air/apple-iphone-air-1tb-light-gold,Apple iPhone Air 1Tb Light Gold (MG2Y4),58089
https://jabko.ua/product/apple-iphone-17-pro-256gb-dark-blue,Apple iPhone 17 Pro 256GB (Deep Blue),61799,https://mygadget.ua/iphones/iphone-17-pro/apple-iphone-17-pro-256gb-deep-blue-mg7m4-e-sim,Apple iPhone 17 Pro 256Gb Deep Blue (MG7M4) e-Sim,57989
https://jabko.ua/product/apple-iphone-17-pro-256gb-gray,Apple iPhone 17 Pro 256GB (Silver),62699,https://mygadget.ua/iphones/iphone-17-pro/apple-iphone-17-pro-256gb-silver-mg7k4-e-sim,Apple iPhone 17 Pro 256Gb Silver (MG7K4) e-Sim,58789
https://jabko.ua/product/apple-iphone-17-pro-256gb-orange,Apple iPhone 17 Pro 256GB (Cosmic Orange),61099,https://mygadget.ua/iphones/iphone-17-pro/apple-iphone-17-pro-256gb-cosmic-orange-mg7l4-e-sim,Apple iPhone 17 Pro 256Gb Cosmic Orange (MG7L4) e-Sim,57989
https://jabko.ua/product/apple-iphone-17-pro-512gb-dark-blue,Apple iPhone 17 Pro 512GB (Deep Blue),73399,https://mygadget.ua/iphones/iphone-17-pro/apple-iphone-17-pro-512gb-deep-blue-mg7q4-e-sim,Apple iPhone 17 Pro 512Gb Deep Blue (MG7Q4) e-Sim,67889
https://jabko.ua/product/apple-iphone-17-pro-512gb-gray,Apple iPhone 17 Pro 512GB (Silver),73699,https://mygadget.ua/iphones/iphone-17-pro/apple-iphone-17-pro-512gb-silver-mg7n4-e-sim,Apple iPhone 17 Pro 512Gb Silver (MG7N4) e-Sim,68989
https://jabko.ua/product/apple-iphone-17-pro-512gb-orange,Apple iPhone 17 Pro 512GB (Cosmic Orange),72099,https://mygadget.ua/iphones/iphone-17-pro/apple-iphone-17-pro-512gb-cosmic-orange-mg7p4-e-sim,Apple iPhone 17 Pro 512Gb Cosmic Orange (MG7P4) e-Sim,66989
https://jabko.ua/product/apple-iphone-17-pro-1tb-dark-blue,Apple iPhone 17 Pro 1TB (Deep Blue),83999,https://mygadget.ua/iphones/iphone-17-pro/apple-iphone-17-pro-1tb-deep-blue-mg7u4-e-sim,Apple iPhone 17 Pro 1Tb Deep Blue (MG7U4) e-Sim,77289
https://jabko.ua/product/apple-iphone-17-pro-1tb-gray,Apple iPhone 17 Pro 1TB (Silver),84099,https://mygadget.ua/iphones/iphone-17-pro/apple-iphone-17-pro-1tb-silver-mg7r4-e-sim,Apple iPhone 17 Pro 1Tb Silver (MG7R4) e-Sim,78389
https://jabko.ua/product/apple-iphone-17-pro-1tb-orange,Apple iPhone 17 Pro 1TB (Cosmic Orange),83499,https://mygadget.ua/iphones/iphone-17-pro/apple-iphone-17-pro-1tb-cosmic-orange-mg7t4-e-sim,Apple iPhone 17 Pro 1Tb Cosmic Orange (MG7T4) e-Sim,76789
https://jabko.ua/product/apple-iphone-17-pro-256gb-dark-blue-e-sim,Apple iPhone 17 Pro 256GB (Deep Blue) (e-Sim),57999,https://mygadget.ua/iphones/iphone-17-pro/apple-iphone-17-pro-256gb-deep-blue-mg7m4-e-sim,Apple iPhone 17 Pro 256Gb Deep Blue (MG7M4) e-Sim,57989
https://jabko.ua/product/apple-iphone-17-pro-256gb-gray-e-sim,Apple iPhone 17 Pro 256GB (Silver) (e-Sim),58799,https://mygadget.ua/iphones/iphone-17-pro/apple-iphone-17-pro-256gb-silver-mg7k4-e-sim,Apple iPhone 17 Pro 256Gb Silver (MG7K4) e-Sim,58789
https://jabko.ua/product/apple-iphone-17-pro-256gb-orange-e-sim,Apple iPhone 17 Pro 256GB (Cosmic Orange) (e-Sim),57999,https://mygadget.ua/iphones/iphone-17-pro/apple-iphone-17-pro-256gb-cosmic-orange-mg7l4-e-sim,Apple iPhone 17 Pro 256Gb Cosmic Orange (MG7L4) e-Sim,57989
https://jabko.ua/product/apple-iphone-17-pro-512gb-dark-blue-e-sim,Apple iPhone 17 Pro 512GB (Deep Blue) (e-Sim),67899,https://mygadget.ua/iphones/iphone-17-pro/apple-iphone-17-pro-512gb-deep-blue-mg7q4-e-sim,Apple iPhone 17 Pro 512Gb Deep Blue (MG7Q4) e-Sim,67889
https://jabko.ua/product/apple-iphone-17-pro-512gb-gray-e-sim,Apple iPhone 17 Pro 512GB (Silver) (e-Sim),68999,https://mygadget.ua/iphones/iphone-17-pro/apple-iphone-17-pro-512gb-silver-mg7n4-e-sim,Apple iPhone 17 Pro 512Gb Silver (MG7N4) e-Sim,68989
https://jabko.ua/product/apple-iphone-17-pro-512gb-orange-e-sim,Apple iPhone 17 Pro 512GB (Cosmic Orange) (e-Sim),66999,https://mygadget.ua/iphones/iphone-17-pro/apple-iphone-17-pro-512gb-cosmic-orange-mg7p4-e-sim,Apple iPhone 17 Pro 512Gb Cosmic Orange (MG7P4) e-Sim,66989
https://jabko.ua/product/apple-iphone-17-pro-1tb-dark-blue-e-sim,Apple iPhone 17 Pro 1TB (Deep Blue) (e-Sim),77299,https://mygadget.ua/iphones/iphone-17-pro/apple-iphone-17-pro-1tb-deep-blue-mg7u4-e-sim,Apple iPhone 17 Pro 1Tb Deep Blue (MG7U4) e-Sim,77289
https://jabko.ua/product/apple-iphone-17-pro-1tb-gray-e-sim,Apple iPhone 17 Pro 1TB (Silver) (e-Sim),78399,https://mygadget.ua/iphones/iphone-17-pro/apple-iphone-17-pro-1tb-silver-mg7r4-e-sim,Apple iPhone 17 Pro 1Tb Silver (MG7R4) e-Sim,78389
https://jabko.ua/product/apple-iphone-17-pro-1tb-orange-e-sim,Apple iPhone 17 Pro 1TB (Cosmic Orange) (e-Sim),76799,https://mygadget.ua/iphones/iphone-17-pro/apple-iphone-17-pro-1tb-cosmic-orange-mg7t4-e-sim,Apple iPhone 17 Pro 1Tb Cosmic Orange (MG7T4) e-Sim,76789
https://jabko.ua/product/apple-iphone-17-pro-max-256gb-dark-blue,Apple iPhone 17 Pro Max 256GB (Deep Blue),66799,https://mygadget.ua/iphones/iphone-17-pro-max/apple-iphone-17-pro-max-256gb-deep-blue-mfxj4-e-sim,Apple iPhone 17 Pro Max 256Gb Deep Blue (MFXJ4) e-Sim,62789
https://jabko.ua/product/apple-iphone-17-pro-max-256gb-gray,Apple iPhone 17 Pro Max 256GB (Silver),68699,https://mygadget.ua/iphones/iphone-17-pro-max/apple-iphone-17-pro-max-256gb-silver-mfxg4-e-sim,Apple iPhone 17 Pro Max 256Gb Silver (MFXG4) e-Sim,63989
https://jabko.ua/product/apple-iphone-17-pro-max-256gb-orange,Apple iPhone 17 Pro Max 256GB (Cosmic Orange),66699,https://mygadget.ua/iphones/iphone-17-pro-max/apple-iphone-17-pro-max-256gb-cosmic-orange-mfxh4-e-sim,Apple iPhone 17 Pro Max 256Gb Cosmic Orange (MFXH4) e-Sim,63289
https://jabko.ua/product/apple-iphone-17-pro-max-512gb-dark-blue,Apple iPhone 17 Pro Max 512GB (Deep Blue),79499,https://mygadget.ua/iphones/iphone-17-pro-max/apple-iphone-17-pro-max-512gb-deep-blue-mfxm4-e-sim,Apple iPhone 17 Pro Max 512Gb Deep Blue (MFXM4) e-Sim,72989
https://jabko.ua/product/apple-iphone-17-pro-max-512gb-gray,Apple iPhone 17 Pro Max 512GB (Silver),79799,https://mygadget.ua/iphones/iphone-17-pro-max/apple-iphone-17-pro-max-512gb-silver-mfxk4-e-sim,Apple iPhone 17 Pro Max 512Gb Silver (MFXK4) e-Sim,75589
https://jabko.ua/product/apple-iphone-17-pro-max-512gb-orange,Apple iPhone 17 Pro Max 512GB (Cosmic Orange),77399,https://mygadget.ua/iphones/iphone-17-pro-max/apple-iphone-17-pro-max-512gb-cosmic-orange-mfxl4-e-sim,Apple iPhone 17 Pro Max 512Gb Cosmic Orange (MFXL4) e-Sim,71989
https://jabko.ua/product/apple-iphone-17-pro-max-1tb-dark-blue,Apple iPhone 17 Pro Max 1TB (Deep Blue),88999,https://mygadget.ua/iphones/iphone-17-pro-max/apple-iphone-17-pro-max-1tb-deep-blue-mfxq4-e-sim,Apple iPhone 17 Pro Max 1Tb Deep Blue (MFXQ4) e-Sim,81989
https://jabko.ua/product/apple-iphone-17-pro-max-1tb-gray,Apple iPhone 17 Pro Max 1TB (Silver),93999,https://mygadget.ua/iphones/iphone-17-pro-max/apple-iphone-17-pro-max-1tb-silver-mfxn4-e-sim,Apple iPhone 17 Pro Max 1Tb Silver (MFXN4) e-Sim,84989
https://jabko.ua/product/apple-iphone-17-pro-max-1tb-orange,Apple iPhone 17 Pro Max 1TB (Cosmic Orange),88999,https://mygadget.ua/iphones/iphone-17-pro-max/apple-iphone-17-pro-max-1tb-cosmic-orange-mfxp4-e-sim,Apple iPhone 17 Pro Max 1Tb Cosmic Orange (MFXP4) e-Sim,81489
https://jabko.ua/product/apple-iphone-17-pro-max-2tb-dark-blue,Apple iPhone 17 Pro Max 2TB (Deep Blue),102999,https://mygadget.ua/iphones/iphone-17-pro-max/apple-iphone-17-pro-max-2tb-deep-blue-mfxu4-e-sim,Apple iPhone 17 Pro Max 2Tb Deep Blue (MFXU4) e-Sim,95989
https://jabko.ua/product/apple-iphone-17-pro-max-1tb-gray_5zxg,Apple iPhone 17 Pro Max 2TB (Silver),107999,https://mygadget.ua/iphones/iphone-17-pro-max/apple-iphone-17-pro-max-2tb-silver-mfxr4-e-sim,Apple iPhone 17 Pro Max 2Tb Silver (MFXR4) e-Sim,99989
https://jabko.ua/product/apple-iphone-17-pro-max-2tb-orange,Apple iPhone 17 Pro Max 2TB (Cosmic Orange),101999,https://mygadget.ua/iphones/iphone-17-pro-max/apple-iphone-17-pro-max-2tb-cosmic-orange-mfxt4-e-sim,Apple iPhone 17 Pro Max 2Tb Cosmic Orange (MFXT4) e-Sim,89989
https://jabko.ua/product/apple-iphone-17-pro-max-256gb-dark-blue-e-sim,Apple iPhone 17 Pro Max 256GB (Deep Blue) (e-Sim),62799,https://mygadget.ua/iphones/iphone-17-pro-max/apple-iphone-17-pro-max-256gb-deep-blue-mfxj4-e-sim,Apple iPhone 17 Pro Max 256Gb Deep Blue (MFXJ4) e-Sim,62789
https://jabko.ua/product/apple-iphone-17-pro-max-256gb-gray-e-sim,Apple iPhone 17 Pro Max 256GB (Silver) (e-Sim),63999,https://mygadget.ua/iphones/iphone-17-pro-max/apple-iphone-17-pro-max-256gb-silver-mfxg4-e-sim,Apple iPhone 17 Pro Max 256Gb Silver (MFXG4) e-Sim,63989
https://jabko.ua/product/apple-iphone-17-pro-max-256gb-orange-e-sim,Apple iPhone 17 Pro Max 256GB (Cosmic Orange) (e-Sim),63299,https://mygadget.ua/iphones/iphone-17-pro-max/apple-iphone-17-pro-max-256gb-cosmic-orange-mfxh4-e-sim,Apple iPhone 17 Pro Max 256Gb Cosmic Orange (MFXH4) e-Sim,63289
https://jabko.ua/product/apple-iphone-17-pro-max-512gb-dark-blue-e-sim,Apple iPhone 17 Pro Max 512GB (Deep Blue) (e-Sim),72999,https://mygadget.ua/iphones/iphone-17-pro-max/apple-iphone-17-pro-max-512gb-deep-blue-mfxm4-e-sim,Apple iPhone 17 Pro Max 512Gb Deep Blue (MFXM4) e-Sim,72989
https://jabko.ua/product/apple-iphone-17-pro-max-512gb-gray-e-sim,Apple iPhone 17 Pro Max 512GB (Silver) (e-Sim),75599,https://mygadget.ua/iphones/iphone-17-pro-max/apple-iphone-17-pro-max-512gb-silver-mfxk4-e-sim,Apple iPhone 17 Pro Max 512Gb Silver (MFXK4) e-Sim,75589
https://jabko.ua/product/apple-iphone-17-pro-max-512gb-orange-e-sim,Apple iPhone 17 Pro Max 512GB (Cosmic Orange) (e-Sim),71999,https://mygadget.ua/iphones/iphone-17-pro-max/apple-iphone-17-pro-max-512gb-cosmic-orange-mfxl4-e-sim,Apple iPhone 17 Pro Max 512Gb Cosmic Orange (MFXL4) e-Sim,71989
https://jabko.ua/product/apple-iphone-17-pro-max-1tb-dark-blue-e-sim,Apple iPhone 17 Pro Max 1TB (Deep Blue) (e-Sim),81999,https://mygadget.ua/iphones/iphone-17-pro-max/apple-iphone-17-pro-max-1tb-deep-blue-mfxq4-e-sim,Apple iPhone 17 Pro Max 1Tb Deep Blue (MFXQ4) e-Sim,81989
https://jabko.ua/product/apple-iphone-17-pro-max-1tb-gray-e-sim,Apple iPhone 17 Pro Max 1TB (Silver) (e-Sim),84999,https://mygadget.ua/iphones/iphone-17-pro-max/apple-iphone-17-pro-max-1tb-silver-mfxn4-e-sim,Apple iPhone 17 Pro Max 1Tb Silver (MFXN4) e-Sim,84989
https://jabko.ua/product/apple-iphone-17-pro-max-1tb-orange-e-sim,Apple iPhone 17 Pro Max 1TB (Cosmic Orange) (e-Sim),81499,https://mygadget.ua/iphones/iphone-17-pro-max/apple-iphone-17-pro-max-1tb-cosmic-orange-mfxp4-e-sim,Apple iPhone 17 Pro Max 1Tb Cosmic Orange (MFXP4) e-Sim,81489
https://jabko.ua/product/apple-iphone-17-pro-max-2tb-dark-blue-e-sim,Apple iPhone 17 Pro Max 2TB (Deep Blue) (e-Sim),95999,https://mygadget.ua/iphones/iphone-17-pro-max/apple-iphone-17-pro-max-2tb-deep-blue-mfxu4-e-sim,Apple iPhone 17 Pro Max 2Tb Deep Blue (MFXU4) e-Sim,95989
https://jabko.ua/product/apple-iphone-17-pro-max-2tb-gray-e-sim,Apple iPhone 17 Pro Max 2TB (Silver) (e-Sim),99999,https://mygadget.ua/iphones/iphone-17-pro-max/apple-iphone-17-pro-max-2tb-silver-mfxr4-e-sim,Apple iPhone 17 Pro Max 2Tb Silver (MFXR4) e-Sim,99989
https://jabko.ua/product/apple-iphone-17-pro-max-2tb-orange-e-sim,Apple iPhone 17 Pro Max 2TB (Cosmic Orange) (e-Sim),89999,https://mygadget.ua/iphones/iphone-17-pro-max/apple-iphone-17-pro-max-2tb-cosmic-orange-mfxt4-e-sim,Apple iPhone 17 Pro Max 2Tb Cosmic Orange (MFXT4) e-Sim,89989
